,Position,Wildtype,Distance
0,Res 372,Q,30.478393469494094
1,Res 373,S,31.73395625142885
2,Res 375,R,32.183273646998686
3,Res 376,G,31.193454142223498
4,Res 378,A,25.12763101088123
5,Res 379,P,22.475472335187977
6,Res 381,A,17.7361123503292
7,Res 404,D,13.321487865767848
8,Res 406,T,8.60997362014542
9,Res 407,D,12.245753622521566
10,Res 409,D,18.28992072027651
11,Res 412,T,24.630438130731658
12,Res 413,N,24.21925247588373
13,Res 420,G,35.5682415976233
14,Res 424,T,36.32949437883495
15,Res 425,S,34.36566247746433
16,Res 427,N,35.3312501138369
17,Res 429,V,33.481886897525655
18,Res 430,F,33.14775052951558
19,Res 436,Y,29.632199710185205
20,Res 438,A,21.577115570240153
21,Res 459,R,20.64838068050132
22,Res 462,I,11.556499457820262
23,Res 467,S,16.061396803970695
24,Res 472,T,26.48940704569093
25,Res 477,V,34.68651142105963
26,Res 479,E,38.89389395099442
27,Res 481,D,35.54020100481426
28,Res 484,Y,34.324051954220096
29,Res 485,K,30.49852552032475
30,Res 519,T,16.966313323486045
31,Res 523,F,18.246808909864214
32,Res 525,A,21.996936217757693
33,Res 526,Q,24.378485739212763
34,Res 531,N,36.24742286672806
35,Res 534,Y,38.47908564774767
36,Res 535,D,44.213467406973415
37,Res 536,S,45.76258651180242
38,Res 537,N,46.993370202280666
39,Res 540,L,40.26545151487315
40,Res 542,T,45.99110473110861
41,Res 545,K,45.93951791682735
42,Res 548,R,49.76453603393183
43,Res 551,T,44.831260794430044
44,Res 552,Q,41.61612238751468
45,Res 553,S,41.283665489867786
46,Res 555,K,43.36326466163843
47,Res 556,V,39.7691557397803
48,Res 558,G,44.44167181824509
49,Res 559,R,49.195575361949984
50,Res 561,T,49.155126384296885
51,Res 563,S,50.014032507549324
52,Res 565,D,49.59035156561204
53,Res 566,S,49.627790057658224
54,Res 567,S,50.81584540712179
55,Res 569,T,45.97019430407599
56,Res 570,K,42.26751624262538
57,Res 571,A,41.054339554425916
58,Res 572,S,36.84251745229417
59,Res 576,Y,29.305441220177872
60,Res 577,G,23.844260577717648
61,Res 579,A,17.24274895254814
62,Res 584,N,19.850727444658045
63,Res 591,P,37.624640411775374
64,Res 593,T,45.11796435775888
65,Res 594,L,45.97119343172526
66,Res 595,T,50.835763216748305
67,Res 596,N,53.06442644199031
68,Res 597,N,53.93427478273255
69,Res 598,G,56.098990173973725
70,Res 599,G,56.24136705082924
71,Res 600,N,52.75083155331393
72,Res 601,S,52.79633236519939
73,Res 603,S,48.840329646840026
74,Res 604,F,43.92199136706008
75,Res 605,Q,45.224919770229555
76,Res 608,S,42.05015528645286
77,Res 610,S,35.88804666822367
78,Res 617,Y,32.26989771551345
79,Res 624,N,45.10137966040618
80,Res 625,S,47.45349828411916
81,Res 626,A,45.199730226629676
82,Res 631,V,38.16516884525208
83,Res 632,A,35.801158042356676
84,Res 633,S,38.68526944305029
85,Res 634,T,35.58448905834395
86,Res 636,R,36.21901839461004
87,Res 638,T,38.12682262336714
88,Res 639,Q,38.161980607649284
