Domain I,Domain II,Domain III
A1,V170,Q372
A3,P171,S373
I5,A172,R375
S7,A173,G376
A8,A174,A378
T17,A175,P379
A21,I176,A381
Q22,E177,D404
S23,P178,T406
E26,T179,D407
N28,S180,D409
K29,G181,T412
K35,R182,N413
Y43,V183,G420
G44,L184,T424
N46,M185,S425
P49,W186,N427
K50,S187,V429
P51,S188,F430
T54,Y189,Y436
T61,R190,A438
T62,N191,R459
Q63,D192,I462
N64,A193,S467
Q74,E195,T472
Q78,G196,V477
W81,S197,E479
Y88,P198,D481
S91,G199,Y484
T94,G200,K485
S98,I201,T519
S102,T202,F523
F106,L203,A525
A107,T204,Q526
S109,S205,N531
Y113,S206,Y534
N115,W207,D535
E117,D208,S536
R119,P209,N537
P120,S210,L540
V127,T211,T542
V129,G212,K545
A132,I213,R548
N133,V214,T551
G134,S215,Q552
Q135,D216,S553
S139,R217,K555
N144,T218,V556
Q147,V219,G558
S149,T220,R559
S150,V221,T561
Y151,T222,S563
T152,K223,D565
P154,H224,S566
Q155,D225,S567
P156,M226,T569
G157,F227,K570
L158,C228,A571
R160,P229,S572
P163,G230,Y576
T164,I231,G577
D166,S232,A579
L167,M233,N584
,D234,P591
,G235,T593
,N236,L594
,G237,T595
,Q238,N596
,I239,N597
,V240,G598
,V241,G599
,T242,N600
,G243,S601
,G244,S603
,W245,F604
,D246,Q605
,A247,S608
,K248,S610
,K249,Y617
,T250,N624
,S251,S625
,L252,A626
,Y253,V631
,D254,A632
,S255,S633
,S256,T634
,S257,R636
,D258,T638
,S259,Q639
,W260,
,I261,
,P262,
,G263,
,P264,
,D265,
,M266,
,Q267,
,V268,
,A269,
,R270,
,G271,
,Y272,
,Q273,
,S274,
,S275,
,A276,
,T277,
,M278,
,S279,
,D280,
,G281,
,R282,
,V283,
,F284,
,T285,
,I286,
,G287,
,G288,
,S289,
,F290,
,S291,
,G292,
,G293,
,V294,
,F295,
,E296,
,K297,
,N298,
,G299,
,E300,
,V301,
,Y302,
,S303,
,P304,
,S305,
,S306,
,K307,
,T308,
,W309,
,T310,
,S311,
,L312,
,P313,
,N314,
,A315,
,K316,
,V317,
,N318,
,P319,
,M320,
,L321,
,T322,
,A323,
,D324,
,K325,
,Q326,
,G327,
,L328,
,Y329,
,M330,
,S331,
,D332,
,N333,
,H334,
,A335,
,W336,
,L337,
,F338,
,G339,
,W340,
,K341,
,K342,
,G343,
,S344,
,V345,
,F346,
,Q347,
,A348,
,G349,
,P350,
,S351,
,T352,
,A353,
,M354,
,N355,
,W356,
,Y357,
,Y358,
,T359,
,S360,
,G361,
,S362,
,G363,
,D364,
,V365,
,K366,
,S367,
,A368,
,G369,
,K370,
