,model,train_or_test,split_label,mcc,accuracy,recall_0,recall_1,recall_2,precision_0,precision_1,precision_2
0,WeightedEnsemble_L3,train,0,0.4875659257460982,0.6926570779712339,0.7312348668280871,0.7312775330396476,0.5066079295154186,0.6637362637362637,0.7139784946236559,0.6824925816023739
1,NeuralNetTorch_BAG_L2,train,0,0.4862715818803718,0.6915215745647237,0.7324455205811138,0.7276064610866373,0.5088105726872246,0.6633771929824561,0.7139769452449568,0.6754385964912281
2,XGBoost_BAG_L2,train,0,0.4847311447793695,0.6934140802422407,0.7167070217917676,0.751101321585903,0.4779735682819383,0.6592427616926503,0.7079584775086505,0.725752508361204
3,LightGBM_BAG_L2,train,0,0.48358743454899245,0.6953065859197578,0.6997578692493946,0.775330396475771,0.44713656387665196,0.6689814814814815,0.698874917273329,0.7602996254681648
4,LightGBMXT_BAG_L2,train,0,0.4805374463895373,0.6941710825132476,0.7033898305084746,0.7804698972099853,0.4185022026431718,0.6867612293144209,0.693864229765013,0.7196969696969697
5,LightGBMLarge_BAG_L2,train,0,0.472003922626514,0.6877365632096897,0.7106537530266344,0.7591776798825257,0.43171806167400884,0.6617812852311161,0.6958277254374159,0.7286245353159851
6,ExtraTreesEntr_BAG_L2,train,0,0.4714619373342547,0.686222558667676,0.7106537530266344,0.7466960352422908,0.460352422907489,0.6544035674470458,0.6975308641975309,0.7282229965156795
7,ExtraTreesGini_BAG_L2,train,0,0.46914269356137284,0.6854655563966692,0.711864406779661,0.751101321585903,0.44052863436123346,0.6599326599326599,0.6949728260869565,0.7168458781362007
8,CatBoost_BAG_L2,train,0,0.46777261067949766,0.6835730507191522,0.7130750605326877,0.7393538913362702,0.46255506607929514,0.6617977528089888,0.6944827586206896,0.695364238410596
9,RandomForestGini_BAG_L2,train,0,0.46690401992745667,0.6843300529901589,0.6973365617433414,0.7525697503671072,0.45594713656387664,0.6620689655172414,0.6920999324780553,0.711340206185567
10,RandomForestEntr_BAG_L2,train,0,0.4651740600053919,0.6828160484481454,0.7106537530266344,0.7459618208516887,0.44273127753303965,0.6580717488789237,0.6935153583617747,0.7052631578947368
11,NeuralNetFastAI_BAG_L2,train,0,0.4434109825962051,0.6654049962149886,0.6634382566585957,0.7121879588839941,0.5286343612334802,0.6349942062572422,0.6953405017921147,0.625
12,LightGBM_BAG_L1,train,0,0.43997679692543434,0.6729750189250567,0.5944309927360775,0.7980910425844346,0.44052863436123346,0.6617250673854448,0.6668711656441718,0.7407407407407407
13,WeightedEnsemble_L2,train,0,0.43997679692543434,0.6729750189250567,0.5944309927360775,0.7980910425844346,0.44052863436123346,0.6617250673854448,0.6668711656441718,0.7407407407407407
14,XGBoost_BAG_L1,train,0,0.436300995320725,0.6718395155185466,0.5823244552058111,0.8091042584434655,0.42290748898678415,0.665283540802213,0.6610677864427115,0.7619047619047619
15,LightGBMXT_BAG_L1,train,0,0.4352278721107894,0.6707040121120363,0.6004842615012107,0.7980910425844346,0.41629955947136565,0.6684636118598383,0.6624009750152346,0.7297297297297297
16,LightGBMLarge_BAG_L1,train,0,0.4315235811126325,0.6695685087055261,0.585956416464891,0.8105726872246696,0.3986784140969163,0.6666666666666666,0.6583184257602862,0.7573221757322176
17,NeuralNetTorch_BAG_L1,train,0,0.4127092355487128,0.6468584405753217,0.6767554479418886,0.6879588839941263,0.46916299559471364,0.5946808510638298,0.6839416058394161,0.641566265060241
18,CatBoost_BAG_L1,train,0,0.40856428484199386,0.6570779712339136,0.5569007263922519,0.8061674008810573,0.3920704845814978,0.6647398843930635,0.6432337434094904,0.7325102880658436
19,RandomForestEntr_BAG_L1,train,0,0.3943877849561731,0.6514004542013626,0.5230024213075061,0.8377386196769456,0.32599118942731276,0.671850699844479,0.6300386526780785,0.7872340425531915
20,RandomForestGini_BAG_L1,train,0,0.3868575691170279,0.6476154428463285,0.5205811138014528,0.8384728340675477,0.30616740088105726,0.671875,0.6267837541163557,0.7722222222222223
21,ExtraTreesEntr_BAG_L1,train,0,0.3838665956952346,0.6464799394398183,0.49031476997578693,0.8663729809104258,0.2709251101321586,0.6887755102040817,0.6197478991596639,0.82
22,ExtraTreesGini_BAG_L1,train,0,0.3814294881933328,0.6453444360333082,0.48789346246973364,0.8649045521292217,0.27312775330396477,0.6750418760469011,0.620980495519241,0.8378378378378378
23,NeuralNetFastAI_BAG_L1,train,0,0.3473552299221277,0.6112793338380015,0.5677966101694916,0.6916299559471366,0.44933920704845814,0.5677966101694916,0.6474226804123712,0.5650969529085873
24,KNeighborsDist_BAG_L1,train,0,0.24870299921254618,0.560560181680545,0.48184019370460046,0.6930983847283406,0.30616740088105726,0.5109114249037228,0.6031948881789138,0.4664429530201342
25,KNeighborsUnif_BAG_L1,train,0,0.2292213947850036,0.5507191521574565,0.5302663438256658,0.6754772393538914,0.21365638766519823,0.46546227417640806,0.6048652202498357,0.5388888888888889
26,WeightedEnsemble_L3,test,0,0.4170880786401224,0.6148325358851675,0.68,0.73,0.44855305466237944,0.576271186440678,0.55005382131324,0.8454545454545455
27,NeuralNetTorch_BAG_L2,test,0,0.42069933228052847,0.617822966507177,0.6742857142857143,0.7328571428571429,0.4565916398713826,0.5812807881773399,0.5522066738428417,0.8427299703264095
28,XGBoost_BAG_L2,test,0,0.4036627254590818,0.6028708133971292,0.6885714285714286,0.7285714285714285,0.41318327974276525,0.5477272727272727,0.5437100213219617,0.8741496598639455
29,LightGBM_BAG_L2,test,0,0.40005123002196724,0.6004784688995215,0.66,0.75,0.3987138263665595,0.55,0.539568345323741,0.8888888888888888
30,LightGBMXT_BAG_L2,test,0,0.39620556155741615,0.597488038277512,0.6628571428571428,0.7542857142857143,0.3842443729903537,0.5536992840095465,0.5371312309257376,0.8851851851851852
31,LightGBMLarge_BAG_L2,test,0,0.3935413257811404,0.5956937799043063,0.68,0.7357142857142858,0.39067524115755625,0.5446224256292906,0.5381400208986415,0.8741007194244604
32,ExtraTreesEntr_BAG_L2,test,0,0.4056842389768882,0.604066985645933,0.6885714285714286,0.7342857142857143,0.409967845659164,0.5540229885057472,0.542766631467793,0.8793103448275862
33,ExtraTreesGini_BAG_L2,test,0,0.4093254145431894,0.6064593301435407,0.68,0.7442857142857143,0.409967845659164,0.5560747663551402,0.5449790794979079,0.8854166666666666
34,CatBoost_BAG_L2,test,0,0.40719435978903334,0.6070574162679426,0.6828571428571428,0.7185714285714285,0.43890675241157556,0.5519630484988453,0.5467391304347826,0.8557993730407524
35,RandomForestGini_BAG_L2,test,0,0.401343261088053,0.6016746411483254,0.6885714285714286,0.7342857142857143,0.40353697749196143,0.5591647331786543,0.5410526315789473,0.8625429553264605
36,RandomForestEntr_BAG_L2,test,0,0.39383916086193355,0.5962918660287081,0.68,0.72,0.409967845659164,0.53125,0.5407725321888412,0.8732876712328768
37,NeuralNetFastAI_BAG_L2,test,0,0.4394056738995587,0.631578947368421,0.6685714285714286,0.71,0.522508038585209,0.5531914893617021,0.577906976744186,0.8354755784061697
38,WeightedEnsemble_L2,test,0,0.38715702096416205,0.5927033492822966,0.5514285714285714,0.8257142857142857,0.3536977491961415,0.5975232198142415,0.5268915223336372,0.873015873015873
39,LightGBM_BAG_L1,test,0,0.38715702096416205,0.5927033492822966,0.5514285714285714,0.8257142857142857,0.3536977491961415,0.5975232198142415,0.5268915223336372,0.873015873015873
40,XGBoost_BAG_L1,test,0,0.37199212674907034,0.5843301435406698,0.5257142857142857,0.8142857142857143,0.35852090032154343,0.5714285714285714,0.5205479452054794,0.8745098039215686
41,LightGBMXT_BAG_L1,test,0,0.3928687346180012,0.597488038277512,0.5428571428571428,0.8214285714285714,0.3762057877813505,0.5828220858895705,0.5329008341056534,0.8764044943820225
42,LightGBMLarge_BAG_L1,test,0,0.38391592428120314,0.5891148325358851,0.5314285714285715,0.8457142857142858,0.3327974276527331,0.6179401993355482,0.5215859030837005,0.8771186440677966
43,NeuralNetTorch_BAG_L1,test,0,0.3688821542927692,0.5831339712918661,0.6314285714285715,0.6942857142857143,0.43086816720257237,0.4966292134831461,0.5406006674082313,0.8170731707317073
44,CatBoost_BAG_L1,test,0,0.38805791269517914,0.5921052631578947,0.5057142857142857,0.8514285714285714,0.34887459807073956,0.6167247386759582,0.521891418563923,0.8930041152263375
45,RandomForestEntr_BAG_L1,test,0,0.3763401543688701,0.5759569377990431,0.47714285714285715,0.9028571428571428,0.26366559485530544,0.6929460580912863,0.5047923322683706,0.9162011173184358
46,RandomForestGini_BAG_L1,test,0,0.37007848791261067,0.5735645933014354,0.48,0.89,0.27009646302250806,0.6614173228346457,0.5036378334680679,0.9281767955801105
47,ExtraTreesEntr_BAG_L1,test,0,0.3134027766211849,0.5370813397129187,0.3942857142857143,0.9042857142857142,0.20418006430868169,0.6666666666666666,0.4770158251695554,0.9202898550724637
48,ExtraTreesGini_BAG_L1,test,0,0.32286140360942656,0.5424641148325359,0.4228571428571429,0.9,0.20739549839228297,0.6519823788546255,0.4820198928844682,0.9347826086956522
49,NeuralNetFastAI_BAG_L1,test,0,0.3542245546173603,0.5783492822966507,0.5314285714285715,0.7228571428571429,0.44212218649517687,0.49206349206349204,0.5292887029288703,0.8136094674556213
50,KNeighborsDist_BAG_L1,test,0,0.20733549172727847,0.4772727272727273,0.4514285714285714,0.6814285714285714,0.2620578778135048,0.3284823284823285,0.4963579604578564,0.7086956521739131
51,KNeighborsUnif_BAG_L1,test,0,0.1796733476144065,0.4491626794258373,0.5028571428571429,0.6314285714285715,0.21382636655948553,0.30085470085470084,0.484118291347207,0.764367816091954
52,WeightedEnsemble_L3,train,1,0.5194398731934547,0.718209179834462,0.7216981132075472,0.7909156452775775,0.4728132387706856,0.688413948256468,0.7332887700534759,0.7326007326007326
53,XGBoost_BAG_L2,train,1,0.514868752571095,0.7155756207674944,0.714622641509434,0.7901946647440519,0.4728132387706856,0.6878547105561862,0.7311541027351568,0.7194244604316546
54,NeuralNetTorch_BAG_L2,train,1,0.49996165097968,0.7016553799849511,0.7370283018867925,0.7354001441961067,0.5200945626477541,0.6537656903765691,0.7391304347826086,0.6832298136645962
55,LightGBM_BAG_L2,train,1,0.499500403695823,0.7091798344620015,0.6851415094339622,0.8074981975486661,0.43498817966903075,0.6933174224343676,0.7111111111111111,0.7510204081632653
56,LightGBMXT_BAG_L2,train,1,0.49913613516928845,0.7084273890142965,0.6922169811320755,0.7995674116798847,0.44208037825059104,0.6865497076023391,0.7136422136422137,0.751004016064257
57,LightGBMLarge_BAG_L2,train,1,0.4926818425568183,0.7046651617757712,0.6851415094339622,0.7966834895457823,0.44208037825059104,0.6787383177570093,0.7119845360824743,0.748
58,RandomForestGini_BAG_L2,train,1,0.48851192981783237,0.7012791572610986,0.6969339622641509,0.7815428983417447,0.44680851063829785,0.6769759450171822,0.7117531188443861,0.7213740458015268
59,ExtraTreesGini_BAG_L2,train,1,0.48508447819441647,0.7009029345372461,0.6851415094339622,0.7945205479452054,0.425531914893617,0.680327868852459,0.7032546266751755,0.759493670886076
60,CatBoost_BAG_L2,train,1,0.4824951065630841,0.6971407072987208,0.6992924528301887,0.7707281903388609,0.4515366430260047,0.6610925306577481,0.7121918720852765,0.7346153846153847
61,RandomForestEntr_BAG_L2,train,1,0.4782069919173863,0.6956358164033107,0.6933962264150944,0.7786589762076424,0.42789598108747046,0.6704675028506272,0.7068062827225131,0.7154150197628458
62,ExtraTreesEntr_BAG_L2,train,1,0.47640541930523284,0.6945071482317532,0.6945754716981132,0.7743330930064888,0.4326241134751773,0.664785553047404,0.7051871306631649,0.7349397590361446
63,LightGBMLarge_BAG_L1,train,1,0.46581183037861623,0.6926260346124906,0.6285377358490566,0.8320115356885364,0.3640661938534279,0.7013157894736842,0.6840545346769413,0.7298578199052133
64,WeightedEnsemble_L2,train,1,0.46581183037861623,0.6926260346124906,0.6285377358490566,0.8320115356885364,0.3640661938534279,0.7013157894736842,0.6840545346769413,0.7298578199052133
65,LightGBMXT_BAG_L1,train,1,0.46578530678444113,0.6922498118886381,0.6120283018867925,0.8284066330209084,0.4066193853427896,0.6966442953020134,0.6814946619217082,0.7577092511013216
66,XGBoost_BAG_L1,train,1,0.4638461251586495,0.690744920993228,0.6084905660377359,0.8269646719538573,0.408983451536643,0.6935483870967742,0.6851851851851852,0.7208333333333333
67,NeuralNetFastAI_BAG_L2,train,1,0.4601520687780823,0.6775771256583898,0.6945754716981132,0.7173756308579669,0.5130023640661938,0.6353829557713053,0.7199710564399421,0.6217765042979942
68,LightGBM_BAG_L1,train,1,0.458728136629962,0.6881113619262603,0.6025943396226415,0.8269646719538573,0.40425531914893614,0.6971350613915416,0.6795023696682464,0.7215189873417721
69,CatBoost_BAG_L1,train,1,0.42385114226180826,0.6696764484574869,0.5648584905660378,0.8248017303532804,0.37115839243498816,0.6718092566619915,0.6631884057971015,0.7136363636363636
70,RandomForestGini_BAG_L1,train,1,0.4110134558934837,0.6651617757712566,0.5448113207547169,0.855803893294881,0.28132387706855794,0.6926536731634183,0.6440586001085187,0.8040540540540541
71,NeuralNetTorch_BAG_L1,train,1,0.4083879518186463,0.6516177577125658,0.6120283018867925,0.7339581831290555,0.46099290780141844,0.6237980769230769,0.6845998655010087,0.5752212389380531
72,RandomForestEntr_BAG_L1,train,1,0.40608398880255486,0.6621519939804364,0.5294811320754716,0.855803893294881,0.29314420803782504,0.7004680187207488,0.6402373247033442,0.7607361963190185
73,ExtraTreesEntr_BAG_L1,train,1,0.3911218651752587,0.6553799849510911,0.5188679245283019,0.8680605623648161,0.23167848699763594,0.6842923794712286,0.636027469624934,0.8032786885245902
74,NeuralNetFastAI_BAG_L1,train,1,0.37750931705524443,0.63732129420617,0.5955188679245284,0.7397260273972602,0.38534278959810875,0.5997624703087886,0.6675341574495771,0.5842293906810035
75,ExtraTreesGini_BAG_L1,train,1,0.3770513333776106,0.6482317531978932,0.49764150943396224,0.8687815428983418,0.22695035460992907,0.679549114331723,0.6276041666666666,0.8205128205128205
76,KNeighborsDist_BAG_L1,train,1,0.2587817654882936,0.5703536493604213,0.49410377358490565,0.6986301369863014,0.30260047281323876,0.5078787878787879,0.6203585147247119,0.47232472324723246
77,KNeighborsUnif_BAG_L1,train,1,0.22388326192039068,0.5511662904439428,0.5283018867924528,0.6633020908435472,0.2293144208037825,0.4618556701030928,0.6084656084656085,0.5511363636363636
78,WeightedEnsemble_L3,test,1,0.3746005680276658,0.5831339712918661,0.6226415094339622,0.7518355359765051,0.3937592867756315,0.5424657534246575,0.5140562248995983,0.8520900321543409
79,XGBoost_BAG_L2,test,1,0.3727297243388472,0.5825358851674641,0.6163522012578616,0.7533039647577092,0.3937592867756315,0.5459610027855153,0.5135135135135135,0.8439490445859873
80,NeuralNetTorch_BAG_L2,test,1,0.37359243859840535,0.5819377990430622,0.6729559748427673,0.7033773861967695,0.4160475482912333,0.5156626506024097,0.5183982683982684,0.8408408408408409
81,LightGBM_BAG_L2,test,1,0.369025443639136,0.5783492822966507,0.60062893081761,0.7709251101321586,0.37295690936106984,0.553623188405797,0.5057803468208093,0.8685121107266436
82,LightGBMXT_BAG_L2,test,1,0.36062653534670186,0.5717703349282297,0.610062893081761,0.762114537444934,0.3610698365527489,0.5344352617079889,0.503883495145631,0.8709677419354839
83,LightGBMLarge_BAG_L2,test,1,0.36200212806890913,0.5747607655502392,0.610062893081761,0.748898678414097,0.3818722139673105,0.5315068493150685,0.5074626865671642,0.8509933774834437
84,RandomForestGini_BAG_L2,test,1,0.38126226190900536,0.5867224880382775,0.6132075471698113,0.7665198237885462,0.3922734026745914,0.5462184873949579,0.516320474777448,0.868421052631579
85,ExtraTreesGini_BAG_L2,test,1,0.36804463889224603,0.5777511961722488,0.6037735849056604,0.7635829662261381,0.3774145616641902,0.5408450704225352,0.5073170731707317,0.8698630136986302
86,CatBoost_BAG_L2,test,1,0.3755096853099946,0.5831339712918661,0.6415094339622641,0.7400881057268722,0.3967310549777117,0.5396825396825397,0.5127161749745677,0.8585209003215434
87,RandomForestEntr_BAG_L2,test,1,0.3632163447351918,0.5753588516746412,0.5943396226415094,0.7562408223201175,0.3833580980683507,0.5235457063711911,0.508893280632411,0.862876254180602
88,ExtraTreesEntr_BAG_L2,test,1,0.36348738775076683,0.5747607655502392,0.610062893081761,0.7547723935389133,0.37592867756315007,0.5344352617079889,0.5054080629301868,0.8664383561643836
89,LightGBMLarge_BAG_L1,test,1,0.33588189521203826,0.555622009569378,0.5188679245283019,0.8179148311306902,0.3075780089153046,0.5809859154929577,0.4868881118881119,0.8483606557377049
90,WeightedEnsemble_L2,test,1,0.33588189521203826,0.555622009569378,0.5188679245283019,0.8179148311306902,0.3075780089153046,0.5809859154929577,0.4868881118881119,0.8483606557377049
91,LightGBMXT_BAG_L1,test,1,0.3435268355665873,0.562200956937799,0.5220125786163522,0.8002936857562408,0.34026745913818723,0.5608108108108109,0.49054905490549056,0.8641509433962264
92,XGBoost_BAG_L1,test,1,0.3333996245943135,0.555622009569378,0.5220125786163522,0.7958883994126285,0.32838038632986627,0.5442622950819672,0.4891696750902527,0.8532818532818532
93,NeuralNetFastAI_BAG_L2,test,1,0.3821833632054469,0.5921052631578947,0.6383647798742138,0.6828193832599119,0.4784546805349183,0.5,0.5326460481099656,0.8193384223918575
94,LightGBM_BAG_L1,test,1,0.3473535595224289,0.5645933014354066,0.5251572327044025,0.8046989720998532,0.34026745913818723,0.5641891891891891,0.49413886384129846,0.8576779026217228
95,CatBoost_BAG_L1,test,1,0.3364199239946118,0.5574162679425837,0.4968553459119497,0.8120411160058737,0.32838038632986627,0.5663082437275986,0.48636763412489004,0.86328125
96,RandomForestGini_BAG_L1,test,1,0.31287602446075474,0.5358851674641149,0.4276729559748428,0.8649045521292217,0.2540861812778603,0.5862068965517241,0.4704472843450479,0.9095744680851063
97,NeuralNetTorch_BAG_L1,test,1,0.32937606318910734,0.5586124401913876,0.5220125786163522,0.7415565345080763,0.39078751857355126,0.48823529411764705,0.5024875621890548,0.8042813455657493
98,RandomForestEntr_BAG_L1,test,1,0.3315877505470564,0.5478468899521531,0.48427672955974843,0.8619676945668135,0.2600297176820208,0.6609442060085837,0.47530364372469636,0.8578431372549019
99,ExtraTreesEntr_BAG_L1,test,1,0.29140952757621097,0.5149521531100478,0.42452830188679247,0.895741556534508,0.1723625557206538,0.6490384615384616,0.45556385362210605,0.928
100,NeuralNetFastAI_BAG_L1,test,1,0.29205452745689214,0.5358851674641149,0.4559748427672956,0.7298091042584435,0.3774145616641902,0.4447852760736196,0.4801932367149758,0.8167202572347267
101,ExtraTreesGini_BAG_L1,test,1,0.28392513086608134,0.5113636363636364,0.42138364779874216,0.8928046989720999,0.16790490341753342,0.6203703703703703,0.4561140285071268,0.9186991869918699
102,KNeighborsDist_BAG_L1,test,1,0.16221432623186927,0.43899521531100477,0.44654088050314467,0.6563876651982379,0.21545319465081725,0.28286852589641437,0.4690451206715635,0.6682027649769585
103,KNeighborsUnif_BAG_L1,test,1,0.14657452348818717,0.416866028708134,0.48427672955974843,0.6240822320117474,0.17533432392273401,0.2570951585976628,0.4654983570646221,0.7375
104,LightGBMXT_BAG_L2,train,2,0.5004737246937855,0.7037735849056603,0.7092614302461899,0.774981495188749,0.47757847533632286,0.6737193763919822,0.7083897158322057,0.7773722627737226
105,WeightedEnsemble_L3,train,2,0.5004737246937855,0.7037735849056603,0.7092614302461899,0.774981495188749,0.47757847533632286,0.6737193763919822,0.7083897158322057,0.7773722627737226
106,LightGBM_BAG_L2,train,2,0.5004418608446114,0.7045283018867925,0.7116060961313013,0.7838638045891931,0.45067264573991034,0.6827896512935883,0.7055296469020653,0.7730769230769231
107,NeuralNetTorch_BAG_L2,train,2,0.49686511903646174,0.6973584905660377,0.7327080890973037,0.7342709104367136,0.5179372197309418,0.6530825496342738,0.7235594456601021,0.717391304347826
108,LightGBMLarge_BAG_L2,train,2,0.4954967360846346,0.699622641509434,0.7221570926143025,0.7601776461880089,0.4730941704035874,0.6645091693635383,0.7126995142262318,0.74822695035461
109,XGBoost_BAG_L2,train,2,0.48960666752495485,0.6958490566037736,0.7209847596717468,0.7512953367875648,0.4798206278026906,0.6677524429967426,0.7068245125348189,0.7303754266211604
110,CatBoost_BAG_L2,train,2,0.485088806607298,0.6932075471698114,0.712778429073857,0.7505551443375278,0.4820627802690583,0.6587215601300108,0.7061281337047354,0.738831615120275
111,RandomForestEntr_BAG_L2,train,2,0.4800362602790776,0.6909433962264151,0.7174677608440797,0.7505551443375278,0.45964125560538116,0.6566523605150214,0.6997929606625258,0.7620817843866171
112,ExtraTreesEntr_BAG_L2,train,2,0.47902872206468133,0.690188679245283,0.716295427901524,0.7527757216876387,0.45067264573991034,0.6513859275053305,0.7042936288088643,0.75
113,LightGBMXT_BAG_L1,train,2,0.47775339143590895,0.6935849056603773,0.6365767878077374,0.8156920799407846,0.4327354260089686,0.688212927756654,0.684472049689441,0.7689243027888446
114,WeightedEnsemble_L2,train,2,0.47775339143590895,0.6935849056603773,0.6365767878077374,0.8156920799407846,0.4327354260089686,0.688212927756654,0.684472049689441,0.7689243027888446
115,LightGBM_BAG_L1,train,2,0.47591969764490877,0.6920754716981132,0.652989449003517,0.8016284233900814,0.4349775784753363,0.6792682926829269,0.6863117870722434,0.7698412698412699
116,ExtraTreesGini_BAG_L2,train,2,0.47548928366905613,0.689433962264151,0.6951934349355217,0.7638786084381939,0.452914798206278,0.6566998892580288,0.6958867161159811,0.7651515151515151
117,RandomForestGini_BAG_L2,train,2,0.4721064116236056,0.6871698113207547,0.6916764361078547,0.7579570688378978,0.4641255605381166,0.659217877094972,0.6923597025016903,0.75
118,XGBoost_BAG_L1,train,2,0.46077935886702664,0.6841509433962264,0.6248534583821805,0.8105107327905255,0.4147982062780269,0.6824583866837388,0.6750924784217016,0.7489878542510121
119,NeuralNetFastAI_BAG_L2,train,2,0.4576896049667081,0.6728301886792453,0.6916764361078547,0.7128053293856402,0.515695067264574,0.6371490280777538,0.7070484581497798,0.6353591160220995
120,LightGBMLarge_BAG_L1,train,2,0.4511177557306437,0.6792452830188679,0.6248534583821805,0.8097705403404886,0.38789237668161436,0.6687578419071518,0.6711656441717792,0.7757847533632287
121,CatBoost_BAG_L1,train,2,0.42578672621511404,0.6652830188679245,0.5920281359906213,0.8060695780903034,0.3789237668161435,0.6592689295039165,0.6568154402895054,0.7477876106194691
122,RandomForestEntr_BAG_L1,train,2,0.42484858428284766,0.6664150943396226,0.5603751465416178,0.8460399703923019,0.3251121076233184,0.6947674418604651,0.6403361344537815,0.8192090395480226
123,NeuralNetTorch_BAG_L1,train,2,0.42041211571231774,0.6547169811320754,0.6283704572098476,0.7305699481865285,0.47533632286995514,0.6189376443418014,0.6797520661157025,0.6385542168674698
124,RandomForestGini_BAG_L1,train,2,0.39877005233783147,0.6524528301886793,0.5404454865181711,0.8334566987416728,0.3183856502242152,0.6633093525179856,0.6325842696629214,0.8114285714285714
125,ExtraTreesEntr_BAG_L1,train,2,0.38898930893015154,0.6475471698113208,0.5041031652989449,0.8564026646928201,0.289237668161435,0.6793048973143759,0.6203753351206435,0.8486842105263158
126,ExtraTreesGini_BAG_L1,train,2,0.38569308420915777,0.6460377358490565,0.5169988276670574,0.8519615099925981,0.26905829596412556,0.6774193548387096,0.62182603997839,0.8108108108108109
127,NeuralNetFastAI_BAG_L1,train,2,0.31729903352794114,0.5909433962264151,0.5803048065650644,0.6550703182827535,0.4170403587443946,0.554932735426009,0.6289978678038379,0.5299145299145299
128,KNeighborsDist_BAG_L1,train,2,0.2546656306983718,0.5622641509433962,0.4794841735052755,0.7009622501850481,0.3004484304932735,0.5093399750933998,0.6113621691413815,0.44966442953020136
129,KNeighborsUnif_BAG_L1,train,2,0.234284048123722,0.5535849056603773,0.5252051582649473,0.6846780162842339,0.21076233183856502,0.4686192468619247,0.6077529566360053,0.5465116279069767
130,LightGBMXT_BAG_L2,test,2,0.3977835226667703,0.6052631578947368,0.6253869969040248,0.7753120665742025,0.3996815286624204,0.554945054945055,0.5485770363101079,0.8685121107266436
131,WeightedEnsemble_L3,test,2,0.3977835226667703,0.6052631578947368,0.6253869969040248,0.7753120665742025,0.3996815286624204,0.554945054945055,0.5485770363101079,0.8685121107266436
132,LightGBM_BAG_L2,test,2,0.3943731878393746,0.6028708133971292,0.6346749226006192,0.7656033287101248,0.3996815286624204,0.5481283422459893,0.5476190476190477,0.8655172413793103
133,NeuralNetTorch_BAG_L2,test,2,0.39050621689318304,0.6016746411483254,0.6501547987616099,0.7378640776699029,0.42038216560509556,0.5398457583547558,0.5512953367875648,0.8301886792452831
134,LightGBMLarge_BAG_L2,test,2,0.3882601027068068,0.5986842105263158,0.6439628482972136,0.7558945908460472,0.39490445859872614,0.5402597402597402,0.5466399197592778,0.8551724137931035
135,XGBoost_BAG_L2,test,2,0.3961255589395682,0.6052631578947368,0.6191950464396285,0.7656033287101248,0.4140127388535032,0.5494505494505495,0.5487077534791253,0.8609271523178808
136,CatBoost_BAG_L2,test,2,0.40041877334210463,0.6070574162679426,0.653250773993808,0.7517337031900139,0.4171974522292994,0.5452196382428941,0.5541922290388548,0.8534201954397395
137,RandomForestEntr_BAG_L2,test,2,0.38940863996965386,0.5992822966507177,0.653250773993808,0.7572815533980582,0.39012738853503187,0.5538057742782152,0.5432835820895522,0.8566433566433567
138,ExtraTreesEntr_BAG_L2,test,2,0.3917210062775903,0.5998803827751196,0.6408668730650154,0.7697642163661581,0.3837579617834395,0.5476190476190477,0.5441176470588235,0.8795620437956204
139,LightGBMXT_BAG_L1,test,2,0.368010101277921,0.5855263157894737,0.5572755417956656,0.8183079056865464,0.3328025477707006,0.5769230769230769,0.5272564789991063,0.8672199170124482
140,WeightedEnsemble_L2,test,2,0.368010101277921,0.5855263157894737,0.5572755417956656,0.8183079056865464,0.3328025477707006,0.5769230769230769,0.5272564789991063,0.8672199170124482
141,LightGBM_BAG_L1,test,2,0.34908506146236484,0.5759569377990431,0.5510835913312694,0.7905686546463245,0.34235668789808915,0.541033434650456,0.5263157894736842,0.8269230769230769
142,ExtraTreesGini_BAG_L2,test,2,0.39430162643640393,0.6022727272727273,0.631578947368421,0.7739251040221914,0.39012738853503187,0.5498652291105122,0.5470588235294118,0.8718861209964412
143,RandomForestGini_BAG_L2,test,2,0.38899594175325214,0.5998803827751196,0.628482972136223,0.7669902912621359,0.39331210191082805,0.5516304347826086,0.5448275862068965,0.8546712802768166
144,XGBoost_BAG_L1,test,2,0.3649607708073367,0.5849282296650717,0.5603715170278638,0.8072122052704577,0.34235668789808915,0.5727848101265823,0.5281306715063521,0.8464566929133859
145,NeuralNetFastAI_BAG_L2,test,2,0.4056263073646271,0.6124401913875598,0.6563467492260062,0.7045769764216366,0.4840764331210191,0.5170731707317073,0.5707865168539326,0.8172043010752689
146,LightGBMLarge_BAG_L1,test,2,0.34357158971280755,0.5699760765550239,0.544891640866873,0.8183079056865464,0.29777070063694266,0.5732899022801303,0.5152838427947598,0.85
147,CatBoost_BAG_L1,test,2,0.3453172068286988,0.5705741626794258,0.5077399380804953,0.8363384188626907,0.29777070063694266,0.5674740484429066,0.5153846153846153,0.8779342723004695
148,RandomForestEntr_BAG_L1,test,2,0.3460580451738857,0.5663875598086124,0.47368421052631576,0.8821081830790569,0.2515923566878981,0.6219512195121951,0.5079872204472844,0.9080459770114943
149,NeuralNetTorch_BAG_L1,test,2,0.3579924783056264,0.5813397129186603,0.5758513931888545,0.739251040221914,0.4028662420382166,0.484375,0.5400202634245187,0.840531561461794
150,RandomForestGini_BAG_L1,test,2,0.32416195191839414,0.5550239234449761,0.4674922600619195,0.8682385575589459,0.24044585987261147,0.5968379446640316,0.5020048115477145,0.877906976744186
151,ExtraTreesEntr_BAG_L1,test,2,0.27832632690531384,0.5251196172248804,0.43034055727554177,0.883495145631068,0.1624203821656051,0.6096491228070176,0.4789473684210526,0.8947368421052632
152,ExtraTreesGini_BAG_L1,test,2,0.28307440376992676,0.5269138755980861,0.43653250773993807,0.8862690707350902,0.160828025477707,0.6238938053097345,0.4786516853932584,0.9099099099099099
153,NeuralNetFastAI_BAG_L1,test,2,0.3421560844335598,0.5735645933014354,0.5108359133126935,0.7337031900138696,0.42197452229299365,0.44235924932975873,0.5403472931562819,0.828125
154,KNeighborsDist_BAG_L1,test,2,0.16702078281850216,0.45514354066985646,0.43343653250773995,0.6282940360610264,0.267515923566879,0.2880658436213992,0.48605150214592274,0.6614173228346457
155,KNeighborsUnif_BAG_L1,test,2,0.15199326115049258,0.43480861244019137,0.47058823529411764,0.6130374479889042,0.21178343949044587,0.2643478260869565,0.4820065430752454,0.7388888888888889
156,LightGBM_BAG_L2,train,3,0.5219184669830969,0.7223709369024857,0.6783132530120481,0.8300366300366301,0.4595238095238095,0.7153748411689962,0.71437578814628,0.7975206611570248
157,WeightedEnsemble_L3,train,3,0.5219184669830969,0.7223709369024857,0.6783132530120481,0.8300366300366301,0.4595238095238095,0.7153748411689962,0.71437578814628,0.7975206611570248
158,NeuralNetTorch_BAG_L2,train,3,0.5205724274310366,0.7177820267686424,0.7253012048192771,0.778021978021978,0.5071428571428571,0.6848691695108078,0.7319090282563749,0.7473684210526316
159,LightGBMXT_BAG_L2,train,3,0.5186409805270709,0.7204588910133843,0.6855421686746987,0.8227106227106227,0.45714285714285713,0.7103620474406991,0.7121116043119848,0.810126582278481
160,LightGBMLarge_BAG_L2,train,3,0.5171076048946075,0.7189292543021033,0.6963855421686747,0.8131868131868132,0.45714285714285713,0.7083333333333334,0.7161290322580646,0.7710843373493976
161,XGBoost_BAG_L2,train,3,0.5130189932889077,0.7162523900573614,0.6879518072289157,0.8087912087912088,0.4714285714285714,0.7006134969325153,0.7164179104477612,0.7644787644787645
162,CatBoost_BAG_L2,train,3,0.5116134771229635,0.7147227533460803,0.7024096385542169,0.7948717948717948,0.4785714285714286,0.6883116883116883,0.7185430463576159,0.7790697674418605
163,ExtraTreesEntr_BAG_L2,train,3,0.5025593322522919,0.7105162523900573,0.6855421686746987,0.8036630036630037,0.45714285714285713,0.6888619854721549,0.710952689565781,0.7804878048780488
164,RandomForestEntr_BAG_L2,train,3,0.500469971557039,0.7089866156787763,0.6987951807228916,0.7948717948717948,0.45,0.6880189798339265,0.7100785340314136,0.7745901639344263
165,LightGBMXT_BAG_L1,train,3,0.49237692219013907,0.7066921606118547,0.6216867469879518,0.8395604395604396,0.44285714285714284,0.7107438016528925,0.6911942098914354,0.8051948051948052
166,WeightedEnsemble_L2,train,3,0.49237692219013907,0.7066921606118547,0.6216867469879518,0.8395604395604396,0.44285714285714284,0.7107438016528925,0.6911942098914354,0.8051948051948052
167,ExtraTreesGini_BAG_L2,train,3,0.4919654535228405,0.7043977055449331,0.6819277108433734,0.7970695970695971,0.44761904761904764,0.6885644768856448,0.7051198963058976,0.752
168,RandomForestGini_BAG_L2,train,3,0.4909396511570691,0.7036328871892925,0.691566265060241,0.7912087912087912,0.44285714285714284,0.6841477949940405,0.7049608355091384,0.7622950819672131
169,LightGBMLarge_BAG_L1,train,3,0.49048151947430896,0.7059273422562141,0.6168674698795181,0.8498168498168498,0.4142857142857143,0.7180925666199158,0.6904761904761905,0.7837837837837838
170,XGBoost_BAG_L1,train,3,0.4834459321361814,0.7017208413001912,0.6373493975903615,0.8293040293040294,0.4142857142857143,0.7015915119363395,0.6910866910866911,0.7802690582959642
171,LightGBM_BAG_L1,train,3,0.48237897039216,0.7009560229445506,0.6132530120481928,0.8322344322344323,0.44761904761904764,0.6934604904632152,0.6901579586877278,0.8
172,NeuralNetFastAI_BAG_L2,train,3,0.4706422660123368,0.6883365200764818,0.6759036144578313,0.7509157509157509,0.5095238095238095,0.66,0.7039835164835165,0.6925566343042071
173,CatBoost_BAG_L1,train,3,0.4603330385814866,0.6898661567877629,0.591566265060241,0.8424908424908425,0.3880952380952381,0.7014285714285714,0.672514619883041,0.7951219512195122
174,RandomForestEntr_BAG_L1,train,3,0.45824810418811057,0.6891013384321224,0.5493975903614458,0.8813186813186813,0.3404761904761905,0.7272727272727273,0.6602634467618003,0.8614457831325302
175,RandomForestGini_BAG_L1,train,3,0.44459191740254284,0.6818355640535373,0.5313253012048192,0.8827838827838828,0.3261904761904762,0.725328947368421,0.6509994597514857,0.8782051282051282
176,NeuralNetTorch_BAG_L1,train,3,0.44044212886605183,0.6711281070745698,0.6457831325301204,0.7443223443223443,0.48333333333333334,0.6254375729288215,0.6954140999315537,0.6835016835016835
177,ExtraTreesEntr_BAG_L1,train,3,0.41536839306335577,0.6669216061185469,0.5048192771084338,0.8901098901098901,0.2619047619047619,0.7137989778534923,0.6381302521008403,0.8870967741935484
178,ExtraTreesGini_BAG_L1,train,3,0.4090574525919126,0.6638623326959847,0.5060240963855421,0.8857142857142857,0.25476190476190474,0.7094594594594594,0.6359810625986323,0.8770491803278688
179,NeuralNetFastAI_BAG_L1,train,3,0.34197528420959084,0.6118546845124283,0.5698795180722892,0.6959706959706959,0.42142857142857143,0.5698795180722892,0.6551724137931034,0.5283582089552239
180,KNeighborsDist_BAG_L1,train,3,0.26537518271549126,0.5747609942638623,0.4759036144578313,0.706959706959707,0.3404761904761905,0.49436795994993743,0.6217783505154639,0.5416666666666666
181,KNeighborsUnif_BAG_L1,train,3,0.23937265559854856,0.5617590822179732,0.5253012048192771,0.6835164835164835,0.23809523809523808,0.46284501061571126,0.6154353562005277,0.6369426751592356
182,LightGBM_BAG_L2,test,3,0.38171575581265993,0.5867224880382775,0.5710144927536231,0.8043795620437956,0.3629283489096573,0.6024464831804281,0.5120817843866171,0.8661710037174721
183,WeightedEnsemble_L3,test,3,0.38171575581265993,0.5867224880382775,0.5710144927536231,0.8043795620437956,0.3629283489096573,0.6024464831804281,0.5120817843866171,0.8661710037174721
184,NeuralNetTorch_BAG_L2,test,3,0.39410266801349425,0.597488038277512,0.6434782608695652,0.7518248175182481,0.40809968847352024,0.5826771653543307,0.528747433264887,0.8264984227129337
185,LightGBMXT_BAG_L2,test,3,0.3790957740379961,0.5855263157894737,0.591304347826087,0.7897810218978102,0.3644859813084112,0.5947521865889213,0.5127962085308057,0.8540145985401459
186,LightGBMLarge_BAG_L2,test,3,0.381878919872022,0.5867224880382775,0.5942028985507246,0.7897810218978102,0.3660436137071651,0.584045584045584,0.5152380952380953,0.8671586715867159
187,XGBoost_BAG_L2,test,3,0.3866609407810198,0.5915071770334929,0.5855072463768116,0.7883211678832117,0.3847352024922118,0.5941176470588235,0.5177372962607862,0.8546712802768166
188,CatBoost_BAG_L2,test,3,0.40381570567780006,0.6034688995215312,0.6231884057971014,0.7635036496350365,0.4221183800623053,0.5779569892473119,0.5309644670050762,0.8603174603174604
189,ExtraTreesEntr_BAG_L2,test,3,0.39492153576233857,0.5956937799043063,0.6028985507246377,0.7912408759124088,0.38317757009345793,0.6028985507246377,0.5191570881226054,0.8692579505300353
190,RandomForestEntr_BAG_L2,test,3,0.3937665933385662,0.5950956937799043,0.6115942028985507,0.7839416058394161,0.3847352024922118,0.5893854748603352,0.5223735408560312,0.8636363636363636
191,LightGBMXT_BAG_L1,test,3,0.375467600181037,0.5831339712918661,0.5420289855072464,0.8175182481751825,0.35514018691588783,0.6254180602006689,0.5067873303167421,0.8507462686567164
192,WeightedEnsemble_L2,test,3,0.375467600181037,0.5831339712918661,0.5420289855072464,0.8175182481751825,0.35514018691588783,0.6254180602006689,0.5067873303167421,0.8507462686567164
193,ExtraTreesGini_BAG_L2,test,3,0.3959382385478709,0.5962918660287081,0.6057971014492753,0.7927007299270074,0.38161993769470404,0.6057971014492753,0.5201149425287356,0.8657243816254417
194,RandomForestGini_BAG_L2,test,3,0.4030396928182886,0.6016746411483254,0.6144927536231884,0.7824817518248175,0.40186915887850466,0.5921787709497207,0.5270403146509341,0.8686868686868687
195,LightGBMLarge_BAG_L1,test,3,0.35741008812260133,0.5699760765550239,0.5449275362318841,0.8175182481751825,0.31931464174454827,0.6123778501628665,0.4986642920747996,0.8471074380165289
196,XGBoost_BAG_L1,test,3,0.36636661179742597,0.5771531100478469,0.5391304347826087,0.8102189781021898,0.34890965732087226,0.6019417475728155,0.5036297640653358,0.8582375478927203
197,LightGBM_BAG_L1,test,3,0.3748497642480116,0.5825358851674641,0.5623188405797102,0.8102189781021898,0.35046728971962615,0.6217948717948718,0.5073126142595978,0.8458646616541353
198,NeuralNetFastAI_BAG_L2,test,3,0.39490775661860433,0.597488038277512,0.663768115942029,0.7386861313868613,0.411214953271028,0.571072319201995,0.5320715036803365,0.825
199,CatBoost_BAG_L1,test,3,0.36663220750450526,0.5759569377990431,0.5246376811594203,0.8277372262773722,0.3348909657320872,0.6177474402730375,0.5017699115044247,0.8634538152610441
200,RandomForestEntr_BAG_L1,test,3,0.34496666958267397,0.55622009569378,0.4956521739130435,0.8686131386861314,0.2554517133956386,0.6653696498054474,0.4861111111111111,0.8586387434554974
201,RandomForestGini_BAG_L1,test,3,0.32388850455328383,0.5430622009569378,0.46956521739130436,0.8656934306569343,0.2383177570093458,0.6254826254826255,0.4789983844911147,0.8742857142857143
202,NeuralNetTorch_BAG_L1,test,3,0.3642836916662058,0.5789473684210527,0.5797101449275363,0.7372262773722628,0.40965732087227413,0.5102040816326531,0.5244029075804777,0.8296529968454258
203,ExtraTreesEntr_BAG_L1,test,3,0.2704150716131813,0.5089712918660287,0.40869565217391307,0.8759124087591241,0.17133956386292834,0.6238938053097345,0.45454545454545453,0.873015873015873
204,ExtraTreesGini_BAG_L1,test,3,0.27936125824658636,0.5125598086124402,0.41739130434782606,0.8861313868613139,0.16510903426791276,0.6457399103139013,0.45742275810097965,0.8688524590163934
205,NeuralNetFastAI_BAG_L1,test,3,0.35267376233216635,0.5717703349282297,0.5159420289855072,0.7678832116788321,0.3925233644859813,0.49444444444444446,0.5192497532082923,0.842809364548495
206,KNeighborsDist_BAG_L1,test,3,0.19321955522849837,0.46291866028708134,0.45217391304347826,0.6642335766423357,0.2538940809968847,0.3107569721115538,0.49030172413793105,0.6735537190082644
207,KNeighborsUnif_BAG_L1,test,3,0.16477845503077537,0.4366028708133971,0.4811594202898551,0.6394160583941606,0.19626168224299065,0.2876949740034662,0.48184818481848185,0.6774193548387096
