position,wt,prob,A,C,D,E,F,G,H,I,K,L,M,N,P,Q,R,S,T,V,W,Y,sum,norm
195,195E,0.99,0.92,0.2,0.58,0.86,0.82,0.85,0.68,0.49,0.81,0.94,0.28,0.64,0.37,0.7,0.64,0.87,0.77,0.69,0.19,1,13.3,0.665
179,179T,0.52,0.89,0.2,0.51,0.79,0.73,0.57,0.6,0.53,0.74,0.92,0.27,0.6,0.33,0.56,0.58,0.83,0.83,0.72,0.19,1,12.39,0.6195
430,430F,1,0.91,0.14,0.62,0.92,0.54,0.47,0.4,0.37,1,0.65,0.21,0.55,0.4,0.67,0.79,0.79,0.7,0.58,0.12,0.64,11.47,0.5735
158,158L,1,0.8,0.19,0.45,0.67,0.71,0.49,0.61,0.46,0.7,0.86,0.26,0.53,0.31,0.54,0.56,0.7,0.62,0.63,0.19,1,11.28,0.564
150,150S,0.8,0.92,0.14,0.65,1,0.43,0.5,0.4,0.37,0.95,0.61,0.21,0.59,0.35,0.66,0.63,0.85,0.7,0.51,0.12,0.59,11.18,0.559
64,64N,0.98,0.91,0.09,0.62,0.94,0.24,0.42,0.26,0.32,0.93,0.47,0.15,1,0.33,0.65,0.56,0.84,0.72,0.61,0.07,0.43,10.56,0.528
21,21A,0.98,0.85,0.14,0.49,1,0.57,0.42,0.39,0.36,0.68,0.57,0.19,0.47,0.27,0.79,0.5,0.83,0.58,0.58,0.12,0.66,10.46,0.523
409,409D,1,0.67,0.18,0.44,0.51,0.69,0.41,0.54,0.41,0.51,0.71,0.24,0.43,0.38,0.43,0.46,0.56,0.53,0.54,0.21,1,9.85,0.4925
152,152T,0.76,1,0.05,0.59,0.97,0.05,0.36,0.12,0.5,0.95,0.43,0.11,0.5,0.67,0.64,0.5,0.84,0.95,0.44,0.02,0.04,9.73,0.4865
639,639Q,0.79,0.87,0.05,0.62,1,0.05,0.49,0.12,0.23,0.93,0.81,0.11,0.51,0.34,0.69,0.52,0.92,0.62,0.59,0.02,0.04,9.53,0.4765
311,311S,1,0.81,0.08,0.61,1,0.21,0.43,0.22,0.26,0.95,0.47,0.18,0.53,0.29,0.6,0.58,0.8,0.63,0.36,0.05,0.25,9.31,0.4655
7,7S,0.96,0.79,0.06,0.63,1,0.08,0.39,0.2,0.3,0.98,0.3,0.12,0.55,0.27,0.65,0.58,1,0.68,0.48,0.02,0.08,9.16,0.458
412,412T,1,0.98,0.04,0.52,0.89,0.04,0.34,0.09,0.14,0.91,0.22,0.08,1,0.23,0.46,0.95,0.84,1,0.21,0.01,0.09,9.04,0.452
35,35K,0.97,0.91,0.05,0.66,1,0.06,0.46,0.12,0.2,0.99,0.31,0.11,0.69,0.37,0.58,0.6,0.84,0.65,0.36,0.02,0.04,9.02,0.451
155,155Q,0.96,0.75,0.05,0.93,0.96,0.08,0.32,0.13,0.21,0.81,0.33,0.09,0.48,1,0.77,0.43,0.57,0.5,0.32,0.02,0.26,9.01,0.4505
328,328L,1,0.86,0.05,0.64,1,0.06,0.4,0.13,0.27,0.92,0.41,0.12,0.49,0.5,0.6,0.54,0.79,0.61,0.45,0.03,0.05,8.92,0.446
295,295F,1,0.56,0.17,0.25,0.35,0.75,0.59,0.54,0.42,0.35,0.66,0.23,0.36,0.22,0.33,0.4,0.49,0.43,0.6,0.18,1,8.88,0.444
325,325K,1,0.94,0.05,0.55,0.83,0.05,0.33,0.1,0.21,1,0.37,0.26,0.52,0.66,0.6,0.82,0.63,0.59,0.29,0.02,0.05,8.87,0.4435
78,78Q,0.96,0.94,0.05,0.7,1,0.07,0.42,0.11,0.17,0.86,0.29,0.1,0.55,0.38,0.71,0.56,0.76,0.83,0.3,0.02,0.03,8.85,0.4425
133,133N,0.94,0.73,0.08,0.56,0.83,0.14,0.72,0.21,0.23,0.81,0.36,0.1,1,0.26,0.48,0.4,0.69,0.55,0.27,0.08,0.31,8.81,0.4405
429,429V,1,1,0.04,0.51,0.97,0.04,0.3,0.1,0.28,0.87,0.26,0.09,0.4,0.21,0.82,0.7,0.63,0.78,0.61,0.01,0.06,8.68,0.434
540,540L,0.99,0.67,0.06,0.54,1,0.16,0.33,0.21,0.2,0.99,0.52,0.12,0.41,0.45,0.57,0.74,0.56,0.47,0.28,0.05,0.2,8.53,0.4265
129,129I,0.99,0.74,0.05,0.65,1,0.05,0.37,0.12,0.21,0.93,0.48,0.12,0.49,0.28,0.59,0.54,0.72,0.76,0.31,0.02,0.04,8.47,0.4235
119,119R,0.99,0.73,0.05,0.55,1,0.04,0.34,0.12,0.29,1,0.29,0.1,0.43,0.24,0.66,0.73,0.76,0.6,0.47,0.02,0.03,8.45,0.4225
115,115N,0.99,0.84,0.05,0.62,1,0.08,0.39,0.12,0.22,0.92,0.31,0.11,0.6,0.27,0.59,0.54,0.74,0.66,0.32,0.02,0.04,8.44,0.422
51,51P,0.98,0.75,0.05,0.62,1,0.07,0.39,0.13,0.19,0.94,0.48,0.12,0.49,0.36,0.59,0.52,0.73,0.56,0.29,0.02,0.05,8.35,0.4175
218,218T,0.99,0.66,0.05,0.56,1,0.04,0.32,0.13,0.27,0.81,0.34,0.12,0.62,0.23,0.59,0.71,0.74,0.8,0.32,0.01,0.03,8.35,0.4175
638,638T,1,0.7,0.05,0.54,1,0.04,0.59,0.12,0.18,0.84,0.41,0.09,0.46,0.29,0.53,0.45,0.82,0.93,0.26,0.02,0.03,8.35,0.4175
191,191N,0.99,0.77,0.06,0.63,1,0.09,0.39,0.15,0.21,0.93,0.33,0.12,0.5,0.28,0.59,0.53,0.74,0.58,0.31,0.03,0.1,8.34,0.417
425,425S,0.97,0.64,0.04,0.55,0.94,0.04,0.29,0.1,0.26,1,0.27,0.16,0.71,0.34,0.8,0.5,0.71,0.65,0.29,0.01,0.03,8.33,0.4165
149,149S,0.98,1,0.05,0.65,0.91,0.04,0.45,0.1,0.16,0.87,0.44,0.09,0.54,0.33,0.56,0.46,0.78,0.57,0.28,0.01,0.03,8.32,0.416
294,294V,0.99,0.75,0.05,0.58,1,0.08,0.35,0.16,0.27,0.79,0.29,0.11,0.48,0.28,0.62,0.6,0.8,0.56,0.33,0.06,0.1,8.26,0.413
596,596N,1,1,0.09,0.54,0.83,0.06,0.49,0.1,0.14,0.85,0.24,0.08,0.53,0.47,0.52,0.67,0.84,0.5,0.24,0.01,0.03,8.23,0.4115
545,545K,1,0.79,0.05,0.61,1,0.05,0.35,0.12,0.17,1,0.28,0.1,0.47,0.26,0.57,0.53,0.7,0.6,0.43,0.02,0.04,8.14,0.407
318,318N,1,0.85,0.04,0.66,1,0.1,0.38,0.11,0.15,0.98,0.24,0.09,0.46,0.22,0.57,0.47,0.79,0.68,0.28,0.01,0.03,8.11,0.4055
436,436Y,1,0.53,0.18,0.22,0.3,0.7,0.34,0.55,0.4,0.31,0.65,0.22,0.32,0.21,0.3,0.36,0.41,0.4,0.5,0.19,1,8.09,0.4045
210,210S,1,0.84,0.05,0.59,0.88,0.06,0.37,0.11,0.2,1,0.32,0.09,0.5,0.24,0.52,0.5,0.74,0.66,0.32,0.02,0.07,8.08,0.404
626,626A,1,0.78,0.05,0.65,1,0.05,0.37,0.13,0.18,0.93,0.3,0.1,0.52,0.27,0.6,0.52,0.73,0.56,0.28,0.02,0.04,8.08,0.404
61,61T,0.98,0.94,0.03,0.51,0.69,0.03,0.26,0.13,0.16,1,0.21,0.06,0.36,0.24,0.63,0.83,0.94,0.83,0.19,0.01,0.02,8.07,0.4035
372,372Q,1,1,0.04,0.54,0.78,0.04,0.72,0.09,0.15,0.75,0.44,0.17,0.48,0.2,0.57,0.57,0.64,0.53,0.3,0.01,0.03,8.05,0.4025
134,134G,0.94,0.58,0.04,0.72,0.86,0.04,0.9,0.14,0.13,0.73,0.23,0.08,0.53,0.24,0.44,1,0.62,0.47,0.23,0.01,0.04,8.03,0.4015
8,8A,0.96,0.75,0.05,0.63,1,0.05,0.38,0.12,0.19,0.92,0.31,0.11,0.49,0.28,0.58,0.52,0.73,0.57,0.28,0.02,0.04,8.02,0.401
81,81W,0.97,0.5,0.17,0.2,0.27,0.7,0.32,0.53,0.39,0.28,0.67,0.22,0.32,0.2,0.32,0.39,0.39,0.39,0.49,0.22,1,7.97,0.3985
323,323A,0.99,1,0.05,0.69,0.93,0.04,0.36,0.12,0.17,0.88,0.27,0.09,0.57,0.24,0.55,0.47,0.66,0.51,0.28,0.02,0.05,7.95,0.3975
203,203L,1,0.51,0.18,0.21,0.27,0.71,0.33,0.54,0.39,0.29,0.65,0.22,0.31,0.2,0.3,0.35,0.4,0.39,0.5,0.19,1,7.94,0.397
106,106F,0.98,0.51,0.18,0.2,0.27,0.7,0.33,0.54,0.39,0.29,0.65,0.22,0.31,0.21,0.29,0.35,0.4,0.39,0.5,0.19,1,7.92,0.396
160,160R,0.99,0.99,0.04,0.39,0.68,0.05,0.24,0.08,0.23,1,0.37,0.08,0.31,0.17,0.59,0.71,0.92,0.45,0.58,0.01,0.03,7.92,0.396
213,213I,1,0.72,0.04,0.6,1,0.03,0.31,0.09,0.37,0.85,0.27,0.07,0.41,0.19,0.59,0.4,0.68,0.78,0.47,0.01,0.03,7.91,0.3955
5,5I,0.92,0.52,0.17,0.2,0.27,0.7,0.33,0.54,0.4,0.29,0.64,0.22,0.3,0.21,0.29,0.35,0.39,0.39,0.5,0.19,1,7.9,0.395
296,296E,1,0.6,0.04,0.78,1,0.15,0.85,0.08,0.13,0.68,0.26,0.07,0.58,0.64,0.45,0.36,0.53,0.42,0.2,0.01,0.03,7.86,0.393
74,74Q,0.98,0.59,0.1,0.42,0.66,0.2,0.37,0.19,0.27,0.67,0.49,0.16,0.36,0.3,1,0.41,0.54,0.45,0.28,0.05,0.31,7.82,0.391
177,177E,1,0.72,0.05,0.62,1,0.05,0.36,0.12,0.18,0.88,0.33,0.1,0.48,0.26,0.56,0.5,0.7,0.56,0.28,0.02,0.04,7.81,0.3905
427,427N,0.99,0.55,0.04,0.57,0.93,0.03,0.26,0.11,0.15,1,0.28,0.07,0.44,0.19,0.75,0.48,0.7,0.78,0.39,0.01,0.03,7.76,0.388
379,379P,1,0.68,0.03,0.56,0.85,0.03,0.48,0.18,0.11,0.61,0.21,0.2,0.58,1,0.78,0.35,0.48,0.38,0.19,0.01,0.05,7.76,0.388
201,201I,0.99,0.48,0.17,0.19,0.26,0.68,0.31,0.51,0.38,0.34,0.64,0.21,0.3,0.19,0.31,0.35,0.39,0.37,0.49,0.17,1,7.74,0.387
54,54T,0.98,0.42,0.12,0.17,0.32,0.47,0.24,0.37,0.31,0.23,0.45,0.18,0.3,0.14,0.41,0.25,1,0.72,0.37,0.48,0.76,7.71,0.3855
556,556V,0.93,0.51,0.14,0.16,0.21,0.62,0.26,0.47,0.36,0.22,0.58,0.17,0.34,0.48,0.22,0.33,0.32,0.3,1,0.14,0.84,7.67,0.3835
424,424T,0.98,0.98,0.03,0.45,0.82,0.03,0.46,0.12,0.11,0.64,0.16,0.05,0.42,0.15,0.73,0.35,0.82,1,0.28,0.01,0.02,7.63,0.3815
316,316K,1,0.62,0.04,0.61,0.89,0.04,0.33,0.1,0.15,1,0.43,0.09,0.42,0.46,0.51,0.52,0.63,0.5,0.24,0.01,0.03,7.62,0.381
223,223K,0.99,0.45,0.03,0.6,0.7,0.03,0.83,0.56,0.1,1,0.17,0.06,0.64,0.28,0.67,0.43,0.42,0.34,0.16,0.01,0.08,7.56,0.378
358,358Y,0.99,0.43,0.15,0.32,0.25,0.61,0.35,0.46,0.36,0.25,0.54,0.18,0.37,0.17,0.25,0.29,0.53,0.43,0.41,0.15,1,7.5,0.375
94,94T,0.98,0.5,0.03,0.45,0.94,0.04,0.26,0.11,0.18,0.96,0.21,0.09,0.55,0.29,0.48,0.46,0.6,1,0.31,0.01,0.02,7.49,0.3745
259,259S,1,1,0.03,0.42,0.82,0.02,0.48,0.1,0.09,0.76,0.18,0.06,0.4,0.16,0.52,0.35,0.85,0.92,0.23,0.01,0.02,7.42,0.371
107,107A,0.98,0.85,0.03,1,0.71,0.03,0.44,0.08,0.13,0.62,0.21,0.07,0.68,0.35,0.38,0.35,0.67,0.44,0.24,0.12,0.02,7.42,0.371
569,569S,1,0.79,0.05,0.45,0.61,0.13,0.26,0.16,0.18,1,0.29,0.09,0.35,0.17,0.38,0.41,0.71,0.69,0.36,0.04,0.18,7.3,0.365
305,305S,0.99,0.86,0.04,0.61,0.78,0.04,0.32,0.09,0.19,1,0.22,0.08,0.39,0.2,0.47,0.45,0.67,0.51,0.29,0.04,0.05,7.3,0.365
63,63Q,0.98,0.46,0.14,0.17,0.25,0.56,0.26,0.55,0.31,0.28,0.54,0.18,0.27,0.16,0.46,0.41,0.33,0.37,0.4,0.14,1,7.24,0.362
98,98S,0.98,0.79,0.03,0.56,1,0.03,0.41,0.11,0.11,0.76,0.19,0.06,0.32,0.19,0.56,0.37,0.84,0.64,0.2,0.01,0.03,7.21,0.3605
370,370K,1,0.49,0.03,0.49,0.65,0.03,0.23,0.07,0.13,1,0.4,0.15,0.51,0.25,0.58,0.48,0.48,0.77,0.27,0.01,0.06,7.08,0.354
151,151Y,0.79,0.48,0.14,0.16,0.24,0.64,0.3,0.42,0.4,0.23,0.52,0.17,0.24,0.2,0.24,0.27,0.33,0.42,0.45,0.14,1,6.99,0.3495
248,248K,1,0.74,0.02,0.42,1,0.02,0.4,0.05,0.07,0.91,0.17,0.04,0.22,0.22,0.84,0.34,0.94,0.3,0.11,0.01,0.06,6.88,0.344
552,552Q,1,0.82,0.02,0.46,0.79,0.08,0.2,0.05,0.05,0.64,0.1,0.03,0.44,0.32,0.46,0.25,1,0.9,0.2,0,0.06,6.87,0.3435
261,261I,1,0.29,0.08,0.09,0.33,0.42,0.14,0.33,0.92,0.13,0.34,0.13,0.2,0.09,0.13,0.15,0.68,1,0.81,0.08,0.46,6.8,0.34
109,109S,0.98,0.68,0.03,0.6,0.64,0.02,0.25,0.06,0.11,1,0.14,0.06,0.8,0.18,0.36,0.27,0.74,0.48,0.15,0.11,0.06,6.74,0.337
479,479E,1,1,0.04,0.68,0.9,0.03,0.27,0.09,0.12,0.7,0.21,0.07,0.37,0.18,0.39,0.38,0.55,0.46,0.26,0.01,0.03,6.74,0.337
485,485K,1,0.42,0.02,0.3,0.72,0.02,0.31,0.06,0.13,1,0.34,0.08,0.31,0.77,0.57,0.43,0.38,0.56,0.18,0.01,0.02,6.63,0.3315
360,360S,0.99,0.52,0.02,0.66,0.75,0.02,0.27,0.3,0.07,0.56,0.16,0.04,0.32,0.1,0.25,0.43,1,0.8,0.2,0.01,0.02,6.5,0.325
599,599G,0.97,0.61,0.03,0.4,0.51,0.1,1,0.08,0.09,0.63,0.15,0.05,0.37,0.26,0.34,0.55,0.35,0.67,0.18,0.02,0.1,6.49,0.3245
193,193A,1,0.65,0.03,0.42,0.5,0.02,0.24,0.08,0.13,0.45,0.19,0.08,0.61,0.13,1,0.68,0.43,0.63,0.15,0.01,0.02,6.45,0.3225
147,147Q,0.99,0.86,0.02,0.37,0.64,0.06,1,0.06,0.12,0.57,0.14,0.04,0.36,0.09,0.56,0.22,0.47,0.6,0.22,0.01,0.01,6.42,0.321
567,567S,1,1,0.03,0.64,0.64,0.04,0.25,0.1,0.11,0.6,0.18,0.07,0.3,0.5,0.34,0.34,0.63,0.41,0.21,0.01,0.02,6.42,0.321
157,157G,1,0.66,0.02,0.22,0.45,0.02,1,0.04,0.1,0.56,0.12,0.07,0.54,0.13,0.32,0.24,0.91,0.43,0.53,0.01,0.01,6.38,0.319
113,113Y,0.98,0.28,0.1,0.11,0.17,0.53,0.27,0.3,0.32,0.2,0.71,0.43,0.19,0.11,0.17,0.22,0.25,0.6,0.3,0.1,1,6.36,0.318
88,88Y,0.98,0.48,0.11,0.16,0.26,0.66,0.21,0.37,0.24,0.18,0.43,0.14,0.19,0.13,0.23,0.26,0.43,0.36,0.31,0.2,1,6.35,0.3175
553,553S,0.9,0.41,0.03,0.35,0.6,0.02,0.21,0.14,0.1,0.71,0.15,0.05,0.41,0.15,0.34,0.7,0.7,1,0.18,0.01,0.03,6.29,0.3145
43,43Y,0.96,0.33,0.11,0.17,0.18,0.54,0.24,0.32,0.24,0.17,0.4,0.13,0.25,0.29,0.17,0.2,0.36,0.24,0.32,0.61,1,6.27,0.3135
625,625S,1,0.99,0.02,0.54,0.55,0.02,0.46,0.04,0.25,0.65,0.1,0.04,0.29,0.18,0.36,0.34,1,0.28,0.11,0.01,0.01,6.24,0.312
593,593T,1,0.51,0.03,0.69,0.76,0.02,0.19,0.08,0.09,0.54,0.15,0.05,0.26,0.26,0.36,0.37,0.55,1,0.29,0.01,0.02,6.23,0.3115
23,23S,0.96,0.72,0.03,0.42,1,0.03,0.27,0.08,0.13,0.56,0.17,0.06,0.32,0.29,0.36,0.35,0.67,0.4,0.2,0.03,0.02,6.11,0.3055
326,326Q,0.96,0.7,0.02,0.38,1,0.02,0.33,0.05,0.08,0.51,0.4,0.05,0.27,0.16,0.94,0.44,0.34,0.24,0.12,0.01,0.02,6.08,0.304
62,62T,0.98,0.59,0.06,0.17,0.43,0.31,0.16,0.25,0.16,0.2,0.27,0.1,0.16,0.23,0.18,0.23,0.49,1,0.52,0.15,0.35,6.01,0.3005
267,267Q,1,0.4,0.02,0.27,0.44,0.03,0.17,0.25,0.11,0.83,0.28,0.05,1,0.12,0.59,0.37,0.38,0.39,0.24,0.01,0.04,5.99,0.2995
519,519T,0.99,0.97,0.01,0.59,0.31,0.01,0.12,0.03,0.04,0.51,0.07,0.02,0.59,0.32,0.24,0.16,0.9,1,0.08,0,0.01,5.98,0.299
28,28N,0.97,0.96,0.01,0.17,0.86,0.01,0.35,0.05,0.07,0.59,0.09,0.03,0.28,0.07,0.51,0.14,1,0.34,0.16,0.08,0.03,5.8,0.29
404,404D,1,0.84,0.05,0.67,0.09,0.25,0.15,0.37,0.12,0.09,0.23,0.07,0.52,0.06,0.18,0.15,1,0.15,0.28,0.1,0.35,5.72,0.286
536,536S,0.99,1,0.02,0.52,0.62,0.02,0.25,0.05,0.07,0.52,0.12,0.04,0.26,0.43,0.27,0.24,0.82,0.32,0.11,0.01,0.01,5.7,0.285
571,571A,1,1,0.09,0.08,0.11,0.58,0.3,0.17,0.36,0.12,0.92,0.23,0.11,0.16,0.12,0.13,0.29,0.18,0.38,0.06,0.27,5.66,0.283
46,46N,0.84,0.35,0.02,0.34,0.37,0.02,1,0.07,0.06,0.42,0.1,0.04,0.29,0.8,0.29,0.23,0.56,0.48,0.1,0.01,0.01,5.56,0.278
235,235G,1,0.96,0.03,0.27,0.37,0.35,1,0.11,0.17,0.29,0.15,0.11,0.16,0.25,0.22,0.17,0.41,0.2,0.22,0.02,0.1,5.56,0.278
91,91S,0.98,0.35,0.01,0.39,0.6,0.01,0.12,0.06,0.06,0.6,0.15,0.07,0.36,0.19,0.32,0.21,0.77,1,0.17,0,0.01,5.45,0.2725
597,597N,0.99,1,0.02,0.32,0.3,0.02,0.2,0.08,0.08,0.32,0.24,0.04,0.28,0.1,0.23,0.26,0.66,0.81,0.36,0.01,0.06,5.39,0.2695
29,29K,0.97,0.22,0.06,0.12,0.17,0.24,0.13,0.26,0.13,0.83,0.31,0.08,1,0.1,0.16,0.33,0.26,0.16,0.17,0.06,0.51,5.3,0.265
135,135Q,0.94,0.32,0.01,0.3,0.43,0.01,1,0.06,0.05,0.25,0.08,0.03,0.96,0.17,0.55,0.19,0.26,0.2,0.07,0,0.21,5.15,0.2575
484,484Y,1,0.37,0.03,0.24,0.53,0.08,0.15,0.09,0.22,0.38,0.21,0.05,0.21,0.1,0.22,0.38,0.3,1,0.28,0.02,0.24,5.1,0.255
257,257S,1,0.52,0.01,0.32,0.29,0.01,0.56,0.03,0.04,0.36,0.1,0.03,0.34,0.07,0.23,0.13,0.89,1,0.14,0,0.01,5.08,0.254
459,459R,1,0.68,0.01,0.18,0.45,0.01,0.26,0.03,0.2,0.28,0.05,0.02,0.19,0.11,0.56,0.22,1,0.57,0.16,0,0.01,4.99,0.2495
362,362S,0.99,0.26,0.01,0.55,0.21,0.01,0.08,0.02,0.03,0.49,0.1,0.02,1,0.11,0.64,0.17,0.47,0.75,0.04,0,0.01,4.97,0.2485
594,594L,1,0.24,0.07,0.08,0.1,0.5,0.15,0.21,0.23,0.11,1,0.13,0.11,0.29,0.11,0.13,0.44,0.22,0.29,0.07,0.45,4.93,0.2465
307,307K,1,0.28,0.01,0.27,0.36,0.01,0.4,0.07,0.05,0.88,0.08,0.03,1,0.08,0.19,0.62,0.29,0.19,0.08,0,0.01,4.9,0.245
367,367S,1,0.76,0.01,0.34,0.3,0.02,0.51,0.02,0.03,0.16,0.04,0.01,0.16,1,0.08,0.1,0.88,0.25,0.22,0,0.01,4.9,0.245
462,462I,1,0.32,0.02,0.19,0.37,0.2,0.11,0.05,0.42,0.38,0.3,0.06,0.21,0.08,0.28,0.33,0.24,0.2,1,0.04,0.05,4.85,0.2425
49,49P,0.87,1,0.02,0.27,0.47,0.02,0.15,0.09,0.06,0.29,0.1,0.03,0.16,0.63,0.22,0.21,0.42,0.46,0.22,0.01,0.01,4.84,0.242
120,120P,0.99,0.17,0.01,0.12,0.41,0.01,0.06,0.12,0.05,0.52,0.1,0.04,0.11,1,0.32,0.23,0.72,0.68,0.15,0,0.02,4.84,0.242
256,256S,0.85,1,0.01,0.15,0.39,0.22,0.17,0.03,0.05,0.3,0.12,0.03,0.14,0.2,0.17,0.23,0.7,0.36,0.54,0,0.01,4.82,0.241
605,605Q,1,0.32,0.01,0.34,0.3,0.01,0.08,0.04,0.11,0.52,0.06,0.02,0.28,0.08,0.6,0.23,0.53,1,0.19,0,0.03,4.75,0.2375
206,206S,1,0.38,0.08,0.03,0.07,0.12,0.02,0.04,0.88,0.07,0.68,0.18,0.04,0.09,0.07,0.15,0.11,0.62,1,0.02,0.06,4.71,0.2355
154,154P,0.95,0.42,0.01,0.41,0.3,0.01,0.1,0.11,0.07,0.32,0.07,0.02,0.37,1,0.31,0.33,0.41,0.18,0.25,0,0.01,4.7,0.235
595,595T,1,0.36,0.02,0.16,0.28,0.04,0.11,0.05,0.13,0.5,0.09,0.03,0.31,0.06,0.25,0.4,0.48,1,0.24,0.06,0.11,4.68,0.234
220,220T,1,0.35,0.03,0.64,0.27,0.16,0.1,0.08,0.07,0.18,0.23,0.04,0.2,0.07,0.23,0.12,0.54,1,0.2,0.02,0.12,4.65,0.2325
269,269A,1,1,0.02,0.27,0.48,0.03,0.28,0.13,0.06,0.31,0.1,0.03,0.16,0.54,0.2,0.33,0.34,0.21,0.09,0.01,0.01,4.6,0.23
353,353A,0.99,1,0.02,0.21,0.32,0.02,0.21,0.04,0.06,0.36,0.09,0.13,0.35,0.08,0.62,0.34,0.36,0.24,0.09,0.01,0.01,4.56,0.228
467,467S,1,0.63,0.01,0.71,0.58,0.01,0.18,0.03,0.05,0.13,0.03,0.01,0.13,0.03,0.17,0.08,1,0.68,0.1,0,0,4.56,0.228
542,542T,0.99,0.38,0.01,0.24,0.39,0.01,0.11,0.03,0.1,0.35,0.09,0.03,0.14,0.59,0.18,0.18,0.38,1,0.32,0,0.01,4.54,0.227
262,262P,1,0.94,0,0.05,0.18,0,0.12,0.01,0.03,0.58,0.02,0.01,0.03,1,0.03,0.43,0.8,0.15,0.02,0,0.04,4.44,0.222
366,366K,1,0.31,0.01,0.15,0.3,0.01,0.09,0.06,0.16,1,0.09,0.03,0.13,0.07,0.24,0.26,0.31,0.87,0.21,0,0.01,4.31,0.2155
636,636R,1,0.09,0.03,0.06,0.06,0.18,0.06,0.17,0.07,1,0.3,0.32,0.26,0.04,0.32,0.54,0.1,0.37,0.09,0.03,0.19,4.28,0.214
185,185M,1,0.62,0,0,0,0.17,0.08,0,0.67,0.01,0.64,0.5,0,0,0,0,0.08,0.49,1,0,0.01,4.27,0.2135
576,576Y,1,0.38,0.04,0.05,0.07,0.33,0.08,0.14,0.19,0.07,0.64,0.23,0.07,0.14,0.14,0.08,0.12,0.15,0.3,0.05,1,4.27,0.2135
555,555K,0.93,0.64,0.02,0.16,0.29,0.04,0.12,0.09,0.09,1,0.15,0.04,0.16,0.09,0.24,0.31,0.29,0.26,0.13,0.01,0.04,4.17,0.2085
44,44G,0.96,0.27,0.01,0.27,0.5,0.04,0.42,0.11,0.07,0.23,0.1,0.02,0.21,0.09,0.2,0.17,1,0.34,0.1,0,0.02,4.17,0.2085
1,1A,0.95,1,0.07,0.19,0.41,0.03,0.11,0.03,0.06,0.29,0.15,0.04,0.14,0.07,0.7,0.12,0.25,0.37,0.09,0,0.01,4.13,0.2065
559,559R,1,0.23,0.01,0.11,0.19,0.01,0.07,0.02,0.1,0.62,0.06,0.02,0.13,0.08,0.24,0.36,0.64,1,0.17,0.06,0.01,4.13,0.2065
634,634T,1,0.2,0.05,0.05,0.09,0.34,0.08,0.15,0.32,0.08,0.2,0.2,0.23,0.05,0.1,0.18,0.17,1,0.21,0.13,0.26,4.09,0.2045
563,563S,1,0.27,0.01,0.15,0.29,0.06,0.16,0.08,0.08,0.35,0.08,0.02,0.13,0.16,0.32,0.15,0.51,1,0.22,0,0.01,4.05,0.2025
558,558G,1,0.62,0,0.3,0.29,0,1,0.03,0.02,0.26,0.03,0.01,0.12,0.02,0.33,0.17,0.48,0.3,0.06,0,0,4.04,0.202
144,144N,0.99,0.29,0.01,0.22,0.27,0.03,0.2,0.07,0.07,0.33,0.14,0.02,1,0.06,0.3,0.4,0.26,0.19,0.13,0,0.01,4,0.2
523,523F,1,0.27,0.04,0.05,0.07,1,0.08,0.14,0.1,0.07,0.33,0.06,0.07,0.34,0.16,0.08,0.12,0.1,0.12,0.05,0.7,3.95,0.1975
633,633S,1,0.39,0.01,0.08,0.51,0.01,0.05,0.01,0.02,1,0.1,0.04,0.07,0.07,0.31,0.29,0.58,0.27,0.11,0,0,3.92,0.196
22,22Q,0.97,0.46,0.01,0.14,1,0.01,0.07,0.38,0.02,0.26,0.04,0.01,0.14,0.03,0.76,0.08,0.18,0.12,0.1,0,0.1,3.91,0.1955
406,406T,1,0.12,0,0.72,0.99,0.01,0.03,0.05,0.02,0.08,0.03,0.03,0.04,0.03,1,0.06,0.23,0.32,0.04,0.04,0.01,3.85,0.1925
604,604F,1,0.81,0.02,0.01,0.02,0.75,0,0,0.21,0.02,0.56,0.06,0.01,0.02,0.01,0.01,0.05,0.23,1,0,0.01,3.8,0.19
234,234D,1,0.13,0.03,1,0.16,0.03,0.38,0.11,0.03,0.15,0.33,0.03,0.61,0.09,0.1,0.07,0.29,0.13,0.03,0.01,0.06,3.77,0.1885
102,102S,0.98,0.21,0.04,0.06,0.13,0.34,0.1,0.21,0.11,0.08,0.18,0.09,0.07,0.05,0.07,0.09,0.3,0.36,0.22,0.04,1,3.75,0.1875
407,407D,1,0.07,0,1,0.11,0.02,0.46,0.07,0.02,0.45,0.02,0.02,0.65,0.02,0.27,0.1,0.25,0.08,0.02,0,0.02,3.65,0.1825
209,209P,0.96,0.13,0.05,0.05,0.07,0.2,0.09,0.16,0.17,0.07,0.58,0.13,0.08,1,0.08,0.09,0.1,0.12,0.16,0.06,0.25,3.64,0.182
26,26E,0.97,0.17,0.01,0.25,1,0.01,0.22,0.02,0.03,0.24,0.09,0.02,0.14,0.38,0.16,0.51,0.17,0.13,0.06,0,0.01,3.62,0.181
600,600N,1,0.17,0.02,0.18,0.12,0.12,0.34,0.12,0.06,0.24,0.17,0.03,1,0.04,0.08,0.15,0.13,0.36,0.08,0.02,0.12,3.55,0.1775
3,3A,0.95,0.7,0.07,0.12,0.16,0.09,0.08,0.02,0.02,0.24,0.17,0.01,0.08,1,0.09,0.2,0.13,0.28,0.07,0,0.01,3.54,0.177
608,608S,0.99,0.64,0,0.31,0.12,0,0.17,0.01,0.03,0.13,0.03,0.01,0.45,0.21,0.07,0.05,1,0.24,0.03,0,0,3.5,0.175
180,180S,1,0.04,0,0.27,0.05,0,0.39,0.16,0.01,0.09,0.01,0.01,0.55,0.02,0.05,0.05,1,0.71,0.07,0,0.01,3.49,0.1745
481,481D,1,0.05,0.01,1,0.1,0.01,0.71,0.06,0.13,0.09,0.02,0.01,0.88,0.02,0.12,0.08,0.13,0.04,0.01,0,0.01,3.48,0.174
566,566S,1,0.28,0.01,0.13,0.19,0.01,0.56,0.02,0.08,0.25,0.07,0.04,0.09,0.04,0.11,0.2,1,0.24,0.14,0,0.01,3.47,0.1735
477,477V,1,0.09,0.04,1,0.06,0.14,0.06,0.23,0.24,0.06,0.16,0.04,0.27,0.04,0.05,0.06,0.2,0.18,0.22,0.03,0.27,3.44,0.172
601,601S,1,0.21,0,0.04,0.08,0.01,0.07,0.02,0.04,0.48,0.04,0.02,0.07,0.02,0.09,0.21,1,0.78,0.15,0,0.05,3.38,0.169
239,239I,1,0.05,0,0,0,0.04,0,0,1,0,0.53,0.64,0,0.03,0,0,0,0.06,0.99,0,0,3.34,0.167
190,190R,0.99,1,0.01,0.09,0.16,0.01,0.27,0.02,0.03,0.14,0.06,0.05,0.09,0.04,0.14,0.47,0.29,0.33,0.04,0.03,0.06,3.33,0.1665
438,438A,1,1,0.01,0.1,0.31,0.01,0.17,0.02,0.04,0.35,0.04,0.01,0.1,0.5,0.24,0.09,0.16,0.11,0.04,0,0.01,3.31,0.1655
603,603S,1,0.19,0.01,0.13,0.26,0.03,0.05,0.11,0.02,0.18,0.08,0.02,0.09,0.03,0.14,0.13,0.63,1,0.07,0,0.02,3.19,0.1595
233,233M,1,0.05,0.01,0.01,0.01,0.09,0.01,0.08,0.57,0.01,0.63,1,0.09,0.01,0.14,0.01,0.01,0.11,0.08,0.04,0.16,3.12,0.156
127,127V,0.99,0.1,0.07,0.03,0.05,0.05,0.03,0.04,0.09,0.16,0.07,0.03,0.11,0.02,0.06,0.14,0.12,0.87,1,0.01,0.06,3.11,0.1555
373,373S,1,0.21,0,1,0.18,0,0.14,0.03,0.02,0.18,0.02,0.01,0.2,0.02,0.05,0.06,0.59,0.36,0.03,0,0,3.1,0.155
197,197S,0.99,0.16,0.01,0.2,0.11,0,0.57,0.01,0.12,0.08,0.05,0.01,0.11,0.02,0.09,0.04,1,0.49,0.02,0,0,3.09,0.1545
265,265D,1,0.24,0,1,0.29,0,0.07,0.14,0.04,0.07,0.02,0.06,0.35,0.22,0.11,0.05,0.28,0.09,0.05,0,0,3.08,0.154
310,310T,1,0.09,0.01,0.05,0.26,0.03,0.05,0.06,0.04,0.27,0.06,0.03,0.06,0.04,0.1,0.53,0.19,1,0.04,0.01,0.08,3,0.15
117,117E,0.99,0.14,0.01,0.33,1,0.01,0.07,0.01,0.09,0.12,0.04,0.01,0.12,0.1,0.25,0.07,0.14,0.39,0.09,0,0,2.99,0.1495
631,631V,1,0.07,0.02,0.03,0.19,0.07,0.04,0.12,0.44,0.28,0.12,0.07,0.06,0.12,0.04,0.05,0.06,0.09,1,0.02,0.09,2.98,0.149
236,236N,1,0.04,0,1,0.18,0,0.01,0.02,0,0.1,0.01,0,0.89,0.01,0.06,0.06,0.11,0.4,0.01,0,0,2.9,0.145
285,285T,1,0.26,0.01,0,0.05,0,0,0,0.22,0.01,0.11,0.01,0.09,0.01,0.01,0,0.13,1,0.93,0,0,2.84,0.142
238,238Q,1,0.03,0,0.08,0.14,0,0.02,0.05,0.01,0.17,0.02,0.2,0.3,0.01,0.49,1,0.08,0.14,0.06,0,0.03,2.83,0.1415
50,50K,0.87,0.31,0.01,0.06,0.11,0,0.21,0.07,0.01,0.25,0.05,0.01,0.2,1,0.1,0.12,0.14,0.08,0.03,0,0,2.76,0.138
365,365V,1,0.05,0.01,0.01,0.02,0.09,0.02,0.08,0.42,0.02,0.05,0.01,0.05,0.01,0.15,0.02,0.04,0.43,1,0.1,0.16,2.74,0.137
215,215S,1,0.15,0,0.03,0.11,0.05,0.01,0.01,0.02,0.12,0.01,0.01,0.01,0.01,0.06,0.13,0.9,1,0.07,0,0.04,2.74,0.137
551,551T,0.96,0.31,0,0.12,0.09,0.01,0.15,0.01,0.01,0.16,0.06,0.01,0.08,1,0.14,0.08,0.13,0.18,0.18,0,0,2.72,0.136
375,375R,0.38,0.17,0.02,0.15,0.08,0.01,0.37,0.03,0.02,0.14,0.03,0.01,0.15,0.05,0.06,1,0.23,0.12,0.03,0.01,0.02,2.7,0.135
156,156P,0.99,0.71,0,0.01,0.04,0.01,0.1,0,0,0.12,0.01,0,0.14,1,0.07,0.03,0.3,0.14,0.01,0,0,2.69,0.1345
264,264P,1,0.47,0,0.2,0.09,0,0.12,0,0.01,0.08,0.01,0,0.07,1,0.03,0.02,0.2,0.22,0.12,0,0.02,2.66,0.133
535,535D,1,0.04,0,0.61,0.07,0,0.02,0,0,0.06,0.01,0,1,0.01,0.08,0.28,0.03,0.44,0.01,0,0,2.66,0.133
570,570K,1,0.16,0,0.02,0.09,0,0.17,0,0.01,0.3,0.01,0.03,0.16,0.01,0.31,0.08,1,0.23,0.01,0,0.02,2.61,0.1305
352,352T,0.99,0.17,0,0.03,0.11,0.01,0.02,0.02,0.08,1,0.02,0.01,0.03,0.02,0.18,0.28,0.1,0.39,0.08,0,0.04,2.59,0.1295
268,268V,1,0.02,0.01,0,0.2,0.02,0,0,1,0.01,0.4,0.11,0,0.01,0.08,0.04,0.01,0.11,0.55,0,0.01,2.58,0.129
306,306S,0.99,0.6,0,0.02,0.04,0,0.07,0.02,0.02,0.26,0.07,0,0.11,0.01,0.02,0.04,0.26,1,0.02,0,0,2.56,0.128
199,199G,0.99,0.05,0.01,0.13,0.04,0.07,1,0.1,0.03,0.04,0.11,0.01,0.32,0.04,0.08,0.11,0.09,0.13,0.03,0.04,0.12,2.55,0.1275
189,189Y,1,0.12,0.01,0.07,0.01,0.19,0.07,0.02,0.01,0.05,0.02,0.01,0.02,0.01,0.01,0.01,0.11,0.01,0.02,0.76,1,2.53,0.1265
216,216D,1,0.03,0,0.15,0.22,0,0.03,0.05,0.01,0.32,0.01,0,0.13,0.33,1,0.07,0.14,0.02,0.01,0,0,2.52,0.126
413,413N,1,0.19,0,0.23,0.05,0,0.04,0.09,0.01,0.2,0.02,0.01,1,0.02,0.12,0.37,0.09,0.03,0.03,0,0.02,2.52,0.126
610,610S,1,0.32,0,0.01,0.02,0,0.13,0,0,0.18,0.02,0,0.07,1,0.01,0.11,0.44,0.14,0.01,0,0.05,2.51,0.1255
283,283V,1,0.37,0,0,0,0,0.05,0,0.8,0,0.12,0.09,0,0,0,0,0,0.06,1,0,0,2.49,0.1245
308,308T,1,0.21,0,0.03,0.12,0,0.13,0.01,0.03,0.29,0.02,0.01,0.15,0.01,0.07,0.15,0.24,1,0.02,0,0,2.49,0.1245
315,315A,1,1,0.38,0,0.01,0.01,0,0,0.16,0.1,0.11,0.01,0,0.01,0.01,0,0.02,0.08,0.56,0.03,0,2.49,0.1245
335,335A,0.99,1,0.01,0.01,0.03,0,0.79,0,0,0.01,0.03,0.18,0.01,0.21,0.06,0.01,0.06,0.04,0.04,0,0,2.49,0.1245
174,174A,1,1,0.04,0,0,0,0.79,0,0,0,0.02,0,0,0.01,0,0,0.17,0.31,0.14,0,0,2.48,0.124
246,246D,1,0.01,0,1,0.01,0,0.01,0,0,0.1,0,0,0.68,0.11,0,0,0.39,0.16,0,0,0,2.47,0.1235
342,342K,0.99,0.03,0,0.29,0.04,0,0.4,0.01,0,0.33,0.01,0,1,0.01,0.18,0.02,0.13,0.01,0,0,0,2.46,0.123
344,344S,0.99,0.05,0,0.01,0.01,0.02,0.01,0.01,0.01,0.34,0.05,0.02,0.01,0.01,0.01,0.24,1,0.61,0.01,0,0.04,2.46,0.123
376,376G,0.38,0.16,0.02,0.03,0.04,0.1,1,0.03,0.07,0.14,0.12,0.03,0.04,0.05,0.06,0.34,0.09,0.05,0.05,0.01,0.02,2.45,0.1225
258,258D,1,0.08,0,1,0.19,0,0.29,0,0.01,0.05,0.01,0,0.2,0.01,0.22,0.09,0.09,0.14,0.01,0,0,2.39,0.1195
420,420G,0.99,0.07,0,0.31,0.01,0,1,0.01,0,0.28,0,0,0.35,0,0.01,0.03,0.2,0.11,0,0,0,2.38,0.119
364,364D,1,0.15,0,0.35,0.03,0.02,0.15,0,0.02,0.09,0.01,0,0.11,0.01,0.02,0.13,1,0.27,0.01,0,0,2.37,0.1185
561,561T,1,0.18,0,0.05,0.13,0.02,0.03,0.01,0.03,0.11,0.04,0.01,0.06,0.09,0.11,0.2,0.18,1,0.03,0.01,0.02,2.31,0.1155
221,221V,1,0.04,0,0.23,0.42,0,0.02,0.01,0.01,0.05,0.02,0,1,0.09,0.1,0.02,0.08,0.11,0.1,0,0,2.3,0.115
182,182R,1,0.05,0,0.14,0.12,0,0.03,0.02,0.01,1,0.1,0.06,0.34,0.01,0.15,0.17,0.05,0.03,0.02,0,0,2.3,0.115
274,274S,1,0.97,0,0,0,0,0.23,0,0,0,0,0,0,0.01,0,0,1,0.09,0,0,0,2.3,0.115
624,624N,0.99,0.05,0,1,0,0,0.06,0,0,0,0,0,0.95,0,0,0,0.05,0.13,0,0,0,2.24,0.112
548,548R,0.95,0.16,0,0.06,0.08,0.01,0.27,0,0.03,0.11,0.01,0,0.11,0.01,0.03,0.14,1,0.19,0.02,0,0,2.23,0.1115
176,176I,1,0.12,0.01,0,0.01,0.01,0,0.08,0.27,0.01,0.32,0.03,0.06,0.01,0.22,0,0.01,0.05,1,0,0,2.21,0.1105
263,263G,1,0.52,0,0.01,0.01,0,1,0,0,0.04,0.03,0,0.01,0.01,0.02,0.03,0.07,0.35,0.09,0,0,2.19,0.1095
565,565D,1,0.13,0,1,0.07,0,0.21,0,0,0.03,0.01,0,0.25,0.1,0.04,0.01,0.24,0.09,0.01,0,0,2.19,0.1095
188,188S,1,1,0,0,0,0,0.09,0,0,0,0,0,0,0,0,0.1,0.99,0,0,0,0,2.18,0.109
381,381A,1,1,0,0.01,0.1,0,0.01,0,0,0,0,0,0.03,0.1,0.14,0,0.77,0.01,0,0,0,2.17,0.1085
525,525A,1,1,0,0,0,0.07,0.72,0,0.18,0,0.1,0.01,0,0.01,0,0,0.03,0.01,0.04,0,0,2.17,0.1085
472,472T,1,0.06,0.01,0.01,0.14,0.03,0.02,0.03,0.09,0.02,0.03,0.01,0.02,0.11,0.18,0.02,0.07,1,0.22,0.01,0.08,2.16,0.108
205,205S,1,1,0,0,0,0,0.04,0,0.01,0,0,0.04,0,0,0.04,0.1,0.64,0.26,0.01,0,0,2.14,0.107
298,298N,1,0.13,0,0.46,0.01,0.02,0.05,0.06,0.03,0.09,0.01,0,1,0.02,0.03,0.01,0.07,0.08,0.02,0,0.02,2.11,0.1055
249,249K,1,0.14,0,0.01,0.11,0,0,0,0.04,1,0,0.03,0.03,0.02,0.13,0.52,0.03,0.01,0.02,0,0,2.09,0.1045
617,617Y,1,0.03,0.01,0.03,0.02,0.11,0.02,0.05,0.02,0.02,0.04,0.01,0.05,0.16,0.02,0.03,0.07,0.17,0.03,0.16,1,2.05,0.1025
245,245W,1,0.17,0,0.05,0.02,0,0.05,0,0,0.01,0,0,1,0,0,0,0.54,0.2,0.01,0,0,2.05,0.1025
276,276A,1,0.64,0.07,0,0,0,0,0,0,0,0,0,0,0,0,0,0.03,1,0.31,0,0,2.05,0.1025
331,331S,0.99,1,0,0.01,0.02,0,0.06,0,0,0.06,0.04,0.02,0.06,0.03,0.12,0.06,0.44,0.09,0.01,0.03,0,2.05,0.1025
166,166D,0.99,0.01,0,1,0.1,0,0.36,0,0,0.04,0.01,0,0.33,0.04,0.04,0.01,0.04,0.05,0.01,0,0,2.04,0.102
240,240V,1,0,0,0,0,0.03,0,0.02,0.4,0,0.49,0.08,0,0,0,0,0,0,1,0,0,2.02,0.101
579,579A,1,1,0,0,0,0,0.04,0,0.01,0,0,0,0.05,0,0,0,0.31,0.39,0.21,0,0,2.01,0.1005
329,329Y,0.99,0,0,0,0,0.33,0,0.03,0,0,0.19,0,0.03,0,0,0,0.02,0,0,0.41,1,2.01,0.1005
184,184L,0.99,0.07,0,0,0,0,0,0,0.28,0,1,0.06,0,0,0,0,0,0.05,0.47,0.03,0,1.96,0.098
303,303S,1,0.01,0,1,0,0,0,0,0.02,0,0,0,0.3,0,0,0,0.51,0.06,0.04,0,0.02,1.96,0.098
183,183V,0.99,0,0,0,0,0.04,0,0,0.37,0,0.52,0.01,0,0,0,0,0,0,1,0,0,1.94,0.097
598,598G,0.96,0.07,0,0.17,0.02,0.02,1,0,0,0.01,0.02,0.01,0.13,0.07,0.03,0.03,0.28,0.04,0.02,0.01,0,1.93,0.0965
217,217R,0.99,0.13,0.01,0.02,0.02,0.08,0.01,0.02,0.01,0.12,0.13,0.01,0.03,0.01,0.04,1,0.1,0.11,0.03,0.01,0.03,1.92,0.096
196,196G,0.99,0.23,0,0.01,0.01,0,1,0.04,0.03,0.14,0,0,0.07,0.02,0.04,0.02,0.27,0.03,0,0,0,1.91,0.0955
198,198P,0.68,0.03,0,0.02,0.05,0,0.06,0.04,0.01,0.06,0.04,0.02,0.16,1,0.05,0.02,0.18,0.13,0.03,0,0,1.9,0.095
534,534Y,1,0,0,0,0,0.52,0,0,0,0,1,0,0,0,0,0,0,0,0.02,0.01,0.34,1.89,0.0945
178,178P,1,0.15,0.01,0.01,0.01,0.06,0.06,0.05,0.01,0.03,0.02,0.01,0.1,1,0.08,0.1,0.04,0.05,0.01,0.01,0.07,1.88,0.094
282,282R,1,0,0,0.11,0.23,0,0,0,0,0.3,0,0,0.06,0,0.02,1,0.12,0,0,0.02,0,1.86,0.093
255,255S,0.91,0.08,0,0,0.01,0.13,0.05,0.01,0.03,0.01,0.02,0.03,0.01,1,0.03,0.01,0.29,0.09,0.01,0,0.03,1.84,0.092
339,339G,0.99,0.69,0,0,0,0,1,0,0,0,0.07,0,0,0.02,0,0,0.04,0.01,0,0,0,1.83,0.0915
139,139S,0.99,0.18,0.05,0.01,0.01,0.05,0.17,0.01,0.01,0.07,0.01,0.02,0.02,0.02,0.04,0.01,1,0.08,0.03,0,0.03,1.82,0.091
319,319P,1,0.08,0,0.06,0.04,0.01,0.04,0.02,0.03,0.12,0.05,0,0.1,1,0.05,0.08,0.04,0.02,0.04,0,0.04,1.82,0.091
537,537N,1,0.02,0,1,0.04,0,0.01,0,0,0.1,0,0,0.33,0,0,0.06,0.21,0.05,0,0,0,1.82,0.091
357,357Y,0.99,0,0,0.13,0,0.23,0,0,0.32,0,0.05,0.01,0,0,0,0,0,0,0.07,0.01,1,1.82,0.091
247,247A,1,1,0,0.15,0.09,0,0.04,0.01,0,0.06,0.01,0,0.13,0.02,0.03,0.01,0.24,0.01,0.01,0,0,1.81,0.0905
17,17T,0.98,0.04,0,0.02,0.1,0.03,0.03,0.05,0.05,0.09,0.02,0,0.02,0.01,0.07,0.05,0.12,1,0.06,0,0.04,1.8,0.09
252,252L,1,0.03,0,0,0,0.03,0,0,1,0.02,0.51,0,0.01,0,0,0.02,0,0.02,0.14,0,0,1.78,0.089
231,231I,1,0.01,0.01,0,0.01,0.01,0.08,0.07,1,0.01,0.06,0.15,0.01,0.01,0.01,0.01,0.06,0.21,0.04,0,0.02,1.78,0.089
275,275S,1,0.1,0,0.01,0,0,0,0,0,0.01,0.07,0.19,0.03,0.01,0.11,0,1,0.23,0.01,0,0,1.77,0.0885
132,132A,0.93,1,0,0.02,0.02,0.01,0.03,0.01,0.06,0.03,0.02,0,0.06,0.06,0.01,0.01,0.13,0.09,0.14,0,0.05,1.75,0.0875
207,207W,1,0,0,0,0,0.07,0,0,0,0,0.15,0.18,0,0,0,0,0,0,0.03,1,0.32,1.75,0.0875
341,341K,0.99,0.01,0,0,0.01,0,0.03,0,0,1,0.01,0,0.01,0.15,0.08,0.09,0.29,0.07,0,0,0,1.75,0.0875
301,301V,1,0.01,0,0,0,0.08,0,0,0.55,0.01,0.07,0,0,0,0,0,0,0.01,1,0,0.02,1.75,0.0875
317,317V,1,0.26,0.01,0.02,0.01,0,0.06,0,0,0.01,0.01,0,0.01,0.04,0.13,0.03,0.12,0.03,1,0,0,1.74,0.087
378,378A,1,0.2,0,1,0.02,0,0.04,0,0,0.01,0,0,0.1,0,0.04,0.02,0.3,0.01,0,0,0,1.74,0.087
278,278M,1,0.01,0.22,0,0,0,0,0,0.13,0,1,0.1,0.01,0,0,0,0,0.2,0.07,0,0,1.74,0.087
314,314N,1,0.02,0,0.06,0.05,0,1,0,0,0.22,0,0,0.27,0,0.01,0.02,0.09,0,0,0,0,1.74,0.087
212,212G,1,0.01,0,0,0.07,0,1,0.01,0,0.1,0.01,0.02,0.2,0,0.08,0.1,0.12,0.01,0,0,0,1.73,0.0865
321,321L,1,0.01,0,0,0.06,0.07,0.01,0.05,0.01,0.01,1,0.18,0.01,0.08,0.01,0.01,0.01,0.01,0.09,0.06,0.05,1.73,0.0865
320,320M,1,0.12,0,0.01,0,0.05,0,0,0.22,0,0.14,1,0,0,0,0.08,0,0.06,0.01,0,0,1.69,0.0845
293,293G,1,0.14,0,0.09,0.04,0,1,0,0,0.01,0.01,0,0.09,0.13,0.02,0.01,0.02,0.04,0.04,0,0,1.64,0.082
359,359T,0.99,0.14,0,0,0.07,0,0,0,0.01,0,0,0.05,0,0.01,0,0,0.02,1,0.34,0,0,1.64,0.082
313,313P,1,0.03,0,0.12,0.03,0,0.01,0,0,0.03,0,0,0.13,1,0.02,0,0.16,0.07,0,0,0.03,1.63,0.0815
343,343G,0.99,0.06,0,0.08,0.07,0,1,0,0,0.02,0.09,0,0.18,0,0.07,0.03,0.01,0.01,0,0,0,1.62,0.081
211,211T,1,0.03,0,0.12,0.04,0,0.02,0,0,0.15,0.03,0,0.05,0,0.01,0.01,0.14,1,0.01,0,0,1.61,0.0805
254,254D,1,0,0,1,0.09,0,0.02,0,0,0.03,0,0.03,0.35,0,0.02,0,0.04,0.02,0.01,0,0,1.61,0.0805
572,572S,1,0.34,0.02,0,0,0,0.02,0,0,0,0,0,0,0.01,0,0.06,1,0.01,0.15,0,0,1.61,0.0805
163,163P,0.99,0.11,0,0.01,0.08,0,0.01,0.02,0.02,0.05,0.03,0.03,0.03,1,0.02,0.12,0.02,0.01,0.02,0,0,1.58,0.079
291,291S,1,0.14,0,0.07,0,0,0.06,0.01,0,0,0,0,0.13,0,0.02,0,1,0.07,0.07,0,0,1.57,0.0785
280,280D,1,0,0,1,0.03,0,0.03,0,0,0,0,0,0.19,0,0,0,0.04,0.25,0,0,0,1.54,0.077
632,632A,1,1,0,0,0,0,0.24,0,0,0,0,0,0,0,0,0,0.29,0,0,0,0,1.53,0.0765
214,214V,1,0.03,0,0,0,0,0,0,0.41,0,0.01,0.02,0,0,0,0,0.05,0,1,0,0,1.52,0.076
355,355N,0.99,0.01,0,0,0,0.03,0.06,0.24,0.07,0,0.02,0,1,0,0.02,0,0.01,0.04,0.01,0,0.01,1.52,0.076
167,167L,0.99,0,0.01,0,0,1,0,0,0,0,0.4,0.05,0,0,0,0,0,0.03,0,0,0.01,1.5,0.075
340,340W,0.99,0.09,0,0.01,0,0.01,0,0,0.01,0,0.09,0.06,0,0,0,0,0,0.16,0.04,1,0.03,1.5,0.075
175,175A,1,1,0,0,0,0.05,0,0.01,0.07,0,0.01,0.04,0,0,0,0,0.11,0.09,0.05,0.02,0.04,1.49,0.0745
526,526Q,1,0.17,0,0.01,0.28,0,0,0,0.02,0,0,0,0,0,1,0,0.01,0,0,0,0,1.49,0.0745
164,164T,0.99,0.01,0,0,0,0,0,0,0.2,0,0.06,0.03,0,0.06,0,0,0.01,1,0.11,0,0,1.48,0.074
173,173A,1,1,0,0,0.07,0,0.06,0.06,0,0,0,0,0,0,0,0,0.27,0.01,0.01,0,0,1.48,0.074
208,208D,1,0,0,1,0.02,0,0,0.01,0,0.01,0,0,0.4,0,0,0,0.02,0.01,0.01,0,0,1.48,0.074
181,181G,1,0,0,0.11,0,0,1,0.04,0,0,0,0,0.22,0,0.03,0,0.07,0,0,0,0,1.47,0.0735
232,232S,1,0.27,0.01,0,0,0,0,0,0,0,0,0,0.07,0,0,0,1,0.1,0.01,0,0,1.46,0.073
591,591P,1,0.12,0,0,0.07,0.06,0.02,0,0,0,0,0,0,1,0,0.02,0.12,0,0.03,0,0,1.44,0.072
250,250T,1,0.24,0,0,0,0,0,0,0.07,0,0.06,0,0,0,0,0,0.01,1,0.06,0,0,1.44,0.072
347,347Q,0.99,0,0,0.01,0,0,0.01,0.24,0.06,0.01,0,0,0.02,0,1,0.01,0.01,0,0,0,0.06,1.43,0.0715
584,584N,1,0,0,0.36,0,0,0,0.06,0,0.01,0,0,1,0,0,0,0,0,0,0,0,1.43,0.0715
277,277T,1,0.01,0,0.01,0,0,0,0,0.07,0.01,0.19,0,0.01,0.01,0,0.06,0.04,1,0.01,0,0,1.42,0.071
253,253Y,1,0,0,0,0,0.31,0,0,0,0,0.09,0,0,0,0,0,0,0,0,0.01,1,1.41,0.0705
304,304P,0.99,0.07,0,0,0.03,0.02,0,0.02,0.05,0,0.03,0,0,1,0,0,0.04,0.06,0.08,0,0,1.4,0.07
531,531N,1,0.05,0,0.02,0.01,0,0.01,0.02,0,0,0,0,0.1,1,0.11,0.02,0.06,0,0,0,0,1.4,0.07
172,172A,1,0.24,0,0,0,0,0,0,0.06,0,0.06,0,0,0,0,0,0.03,0.01,1,0,0,1.4,0.07
192,192D,1,0,0,1,0.02,0.03,0,0.03,0,0.01,0.03,0,0.2,0,0,0.01,0.01,0.02,0,0,0,1.36,0.068
170,170V,1,0,0,0,0,0,0,0,0.22,0,0,0,0.08,0,0,0,0,0.06,1,0,0,1.36,0.068
242,242T,1,0.06,0,0,0,0,0,0,0,0,0.01,0.06,0.03,0,0,0,0.18,1,0.02,0,0,1.36,0.068
273,273Q,1,0,0,0,0,0,0,0.18,0,0.01,0.01,0,0,0.13,1,0.01,0,0,0,0,0,1.34,0.067
577,577G,1,0.09,0.03,0,0,0,1,0,0,0,0,0,0,0,0,0,0.22,0,0,0,0,1.34,0.067
251,251S,1,0.05,0,0,0,0,0,0,0,0,0,0,0,0,0,0.06,1,0.21,0,0,0,1.32,0.066
200,200G,0.99,0.02,0,0.09,0.06,0.03,1,0,0,0.05,0,0,0,0,0,0,0.04,0.02,0,0,0,1.31,0.0655
286,286I,1,0,0,0,0,0,0,0,1,0,0.19,0,0,0,0,0,0,0,0.12,0,0,1.31,0.0655
348,348A,0.99,1,0,0,0,0.01,0.03,0,0,0,0.13,0,0,0,0,0,0.06,0,0.08,0,0,1.31,0.0655
312,312L,1,0,0,0,0,0.06,0,0,0.03,0.02,1,0,0,0,0.01,0.08,0.02,0.05,0.01,0,0,1.28,0.064
279,279S,1,0.1,0,0.01,0,0.06,0.08,0,0,0,0,0,0,0.03,0,0,1,0,0,0,0,1.28,0.064
345,345V,0.99,0.03,0,0,0,0,0,0,0.23,0,0.01,0,0,0,0,0,0,0.01,1,0,0,1.28,0.064
302,302Y,1,0,0,0,0,0.03,0,0,0,0,0,0,0,0,0,0,0,0,0,0.24,1,1.27,0.0635
361,361G,0.99,0.05,0,0.04,0.02,0,1,0,0,0.04,0,0,0.08,0,0,0.01,0,0.02,0,0,0,1.26,0.063
290,290F,1,0,0,0.05,0,0.1,0.01,0.06,0,0,0,0,0.01,0,0,0,0,0,0,1,0.03,1.26,0.063
204,204T,1,0,0,0,0,0.03,0.06,0,0,0,0,0.12,0,0,0,0,0.03,1,0.01,0,0,1.25,0.0625
219,219V,0.99,0,0,0,0,0,0,0,0.21,0,0,0,0,0,0,0.02,0,0,1,0,0,1.23,0.0615
338,338F,0.99,0,0,0,0,1,0,0.09,0,0,0,0,0,0,0,0,0,0,0,0.03,0.09,1.21,0.0605
346,346F,0.99,0,0,0,0,1,0,0,0,0,0.19,0,0,0,0,0,0,0,0.01,0,0.01,1.21,0.0605
186,186W,1,0,0,0,0,0.13,0,0,0,0,0,0,0,0,0,0,0,0,0.05,1,0.01,1.19,0.0595
333,333N,0.99,0,0,0,0,0.02,0,0,0,0,0.05,0,1,0,0,0,0.05,0.06,0,0,0,1.18,0.059
241,241V,1,0.02,0,0,0,0,0,0,0.11,0,0,0,0,0,0,0,0.05,0,1,0,0,1.18,0.059
330,330M,0.99,0,0,0,0,0,0,0.04,0,0.06,0,0,0,0.06,0.02,1,0,0,0,0,0,1.18,0.059
171,171P,1,0.12,0,0,0,0,0,0,0,0,0,0,0,1,0,0,0,0.05,0,0,0,1.17,0.0585
187,187S,1,0.12,0,0.05,0,0,0,0,0,0,0,0,0,0,0,0,1,0,0,0,0,1.17,0.0585
229,229P,1,0.06,0,0,0,0,0,0,0,0,0,0,0,1,0,0,0.05,0.05,0,0,0,1.16,0.058
299,299G,1,0.07,0,0,0,0,1,0,0,0,0,0,0.05,0,0,0,0.04,0,0,0,0,1.16,0.058
351,351S,0.99,0.03,0,0,0,0,0.02,0,0,0,0,0,0.1,0,0,0,1,0,0,0,0,1.15,0.0575
336,336W,0.99,0.04,0,0,0,0.01,0,0,0,0,0.02,0.02,0,0,0,0.05,0,0,0,1,0,1.14,0.057
354,354M,0.99,0,0,0,0,0,0,0,0.07,0,0.03,1,0,0,0,0,0,0,0,0,0.04,1.14,0.057
368,368A,1,1,0,0,0,0,0.01,0,0.01,0,0,0,0.05,0.05,0,0,0.01,0,0.01,0,0,1.14,0.057
327,327G,0.95,0,0,0.02,0,0,1,0,0,0,0,0,0.02,0,0,0.06,0.02,0.01,0,0,0,1.13,0.0565
356,356W,0.99,0,0,0,0,0.01,0,0,0,0,0.01,0,0,0.04,0,0,0,0,0.01,1,0.06,1.13,0.0565
202,202T,1,0,0,0,0,0,0,0,0,0,0,0,0,0,0,0,0,1,0.07,0,0.05,1.12,0.056
222,222T,0.99,0,0,0,0,0,0,0,0.05,0,0,0,0.07,0,0,0,0,1,0,0,0,1.12,0.056
271,271G,1,0.03,0,0,0,0,1,0,0,0,0,0,0,0,0,0,0,0,0,0.09,0,1.12,0.056
297,297K,1,0,0,0,0,0,0.05,0,0,1,0,0,0,0,0,0.07,0,0,0,0,0,1.12,0.056
337,337L,0.99,0.05,0,0,0,0.01,0,0,0.05,0,1,0.01,0,0,0,0,0,0,0,0,0,1.12,0.056
266,266M,1,0,0,0,0,0,0,0,0,0,0.1,1,0,0,0,0,0,0.01,0,0,0,1.11,0.0555
226,226M,1,0,0,0,0,0,0,0,0,0,0.05,1,0,0,0,0,0.05,0,0,0,0,1.1,0.055
260,260W,1,0,0.05,0,0,0,0,0,0,0,0,0,0,0,0,0,0,0,0,1,0.05,1.1,0.055
284,284F,1,0,0,0,0,1,0,0,0,0,0.05,0.05,0,0,0,0,0,0,0,0,0,1.1,0.055
292,292G,1,0,0,0.01,0.03,0,1,0,0.04,0,0,0,0,0,0.01,0.01,0,0,0,0,0,1.1,0.055
322,322T,1,0,0,0,0,0,0,0,0,0,0,0.03,0.02,0,0,0,0.05,1,0,0,0,1.1,0.055
350,350P,0.99,0.05,0,0,0,0,0,0,0,0,0,0,0.05,1,0,0,0,0,0,0,0,1.1,0.055
324,324D,0.99,0,0,1,0.02,0.05,0,0,0,0,0,0,0,0,0,0,0.02,0,0,0,0,1.09,0.0545
334,334H,0.99,0,0,0,0,0.05,0,1,0,0,0,0,0,0,0,0,0,0,0,0,0.04,1.09,0.0545
289,289S,1,0.01,0.03,0,0,0,0,0,0,0,0.04,0,0,0,0,0,1,0,0,0,0,1.08,0.054
309,309W,1,0,0,0,0,0.06,0,0,0,0,0,0,0,0,0,0,0,0,0,1,0.01,1.07,0.0535
363,363G,1,0,0,0,0.05,0,1,0,0,0,0,0,0,0,0,0.02,0,0,0,0,0,1.07,0.0535
230,230G,1,0,0,0,0,0,1,0,0,0,0,0,0,0,0,0,0.05,0,0,0,0,1.05,0.0525
332,332D,0.99,0,0,1,0,0,0,0,0,0,0,0,0.05,0,0,0,0,0,0,0,0,1.05,0.0525
349,349G,0.99,0.05,0,0,0,0,1,0,0,0,0,0,0,0,0,0,0,0,0,0,0,1.05,0.0525
224,224H,0.99,0,0,0,0,0,0,1,0,0,0,0,0,0,0,0,0.04,0,0,0,0,1.04,0.052
287,287G,1,0,0,0,0,0,1,0,0,0,0,0,0,0,0,0,0.04,0,0,0,0,1.04,0.052
237,237G,1,0,0,0,0,0,1,0,0,0,0,0,0.01,0,0,0,0.01,0,0,0,0,1.02,0.051
369,369G,1,0,0,0,0,0,1,0,0,0,0,0,0,0,0,0,0,0.02,0,0,0,1.02,0.051
225,225D,1,0,0,1,0,0,0,0,0,0,0,0,0,0,0,0,0,0,0,0,0,1,0.05
227,227F,1,0,0,0,0,1,0,0,0,0,0,0,0,0,0,0,0,0,0,0,0,1,0.05
228,228C,0.99,0,1,0,0,0,0,0,0,0,0,0,0,0,0,0,0,0,0,0,0,1,0.05
243,243G,1,0,0,0,0,0,1,0,0,0,0,0,0,0,0,0,0,0,0,0,0,1,0.05
244,244G,1,0,0,0,0,0,1,0,0,0,0,0,0,0,0,0,0,0,0,0,0,1,0.05
270,270R,1,0,0,0,0,0,0,0,0,0,0,0,0,0,0,1,0,0,0,0,0,1,0.05
272,272Y,1,0,0,0,0,0,0,0,0,0,0,0,0,0,0,0,0,0,0,0,1,1,0.05
281,281G,1,0,0,0,0,0,1,0,0,0,0,0,0,0,0,0,0,0,0,0,0,1,0.05
288,288G,1,0,0,0,0,0,1,0,0,0,0,0,0,0,0,0,0,0,0,0,0,1,0.05
300,300E,1,0,0,0,1,0,0,0,0,0,0,0,0,0,0,0,0,0,0,0,0,1,0.05
