,Position,AA,RealPos,distance
0,24,A,1,17.47459249776372
1,25,S,2,19.0660049643836
2,26,A,3,20.675151274234974
3,27,P,4,24.46819924704105
4,28,I,5,24.787101196003135
5,29,G,6,27.586161657070022
6,30,S,7,30.373811427163698
7,31,A,8,31.957889349337517
8,32,I,9,35.782549599994965
9,33,P,10,38.49775152291755
10,34,R,11,37.77915074808723
11,35,N,12,43.2650562981536
12,36,N,13,45.7327957997114
13,37,W,14,40.65654803150534
14,38,A,15,45.75444621134103
15,39,V,16,43.293498133103085
16,40,T,17,45.534771529508085
17,41,C,18,44.5024760668943
18,42,D,19,45.00285596690503
19,43,S,20,45.84801129837804
20,44,A,21,46.222881561132695
21,45,Q,22,47.07954719203022
22,46,S,23,49.72515162932135
23,47,G,24,46.55888990134108
24,48,N,25,43.839970078476334
25,49,E,26,46.123164038014565
26,50,C,27,43.53589567752684
27,51,N,28,43.908352774809266
28,52,K,29,42.7236345833088
29,53,A,30,38.21199716231148
30,54,I,31,39.86338536468397
31,55,D,32,40.48594594830532
32,56,G,33,37.003353577102985
33,57,N,34,37.9571779309171
34,58,K,35,32.01932755816243
35,59,D,36,37.22673777262386
36,60,T,37,39.64013135545467
37,61,F,38,38.64921611258112
38,62,W,39,40.81942124704
39,63,H,40,41.45832852275403
40,64,T,41,42.5441637895599
41,65,F,42,48.0311814308372
42,66,Y,43,45.779457422438945
43,67,G,44,49.00854615433925
44,68,A,45,52.562147709663655
45,69,N,46,50.82031817210908
46,70,G,47,49.957814709366545
47,71,D,48,46.63216116593354
48,72,P,49,46.5735419742261
49,73,K,50,44.39023756678376
50,74,P,51,40.24655815875564
51,75,P,52,41.26699999178642
52,76,H,53,40.75145106367871
53,77,T,54,41.16484382028675
54,78,Y,55,38.991365827897084
55,79,T,56,42.34698956580503
56,80,I,57,39.7494650950538
57,81,D,58,44.59138419457732
58,82,M,59,40.766469707563594
59,83,K,60,47.928497202714375
60,84,T,61,44.54409141515068
61,85,T,62,42.63253449689099
62,86,Q,63,38.71557341141805
63,87,N,64,36.41942391675904
64,88,V,65,34.371190751886964
65,89,N,66,29.55963500191097
66,90,G,67,29.674580626133544
67,91,L,68,31.26879715311576
68,92,S,69,28.756056797721765
69,93,V,70,30.123308211831585
70,94,L,71,29.67358758803694
71,95,P,72,29.691785943971105
72,96,R,73,35.407316460252964
73,97,Q,74,31.122762801109097
74,98,D,75,35.60934609813834
75,99,G,76,33.22609120002532
76,100,N,77,36.28313395811475
77,101,Q,78,33.84374647293057
78,102,N,79,37.4933461223575
79,103,G,80,35.75396986498702
80,104,W,81,30.981995827496334
81,105,I,82,32.25299104489691
82,106,G,83,30.629731750776077
83,107,R,84,33.441814101894956
84,108,H,85,30.869551688325505
85,109,E,86,34.650474296508555
86,110,V,87,33.00915378998074
87,111,Y,88,37.51476866598807
88,112,L,89,36.88763371851467
89,113,S,90,42.417381587448325
90,114,S,91,44.59020020633906
91,115,D,92,47.6354419826887
92,116,G,93,46.358732696136116
93,117,T,94,48.96973753549125
94,118,N,95,46.20983084177003
95,119,W,96,42.36645167372647
96,120,G,97,41.59183852870537
97,121,S,98,38.000533966165534
98,122,P,99,35.38732702977862
99,123,V,100,33.24330224168171
100,124,A,101,30.303983774258132
101,125,S,102,30.45245848522743
102,126,G,103,28.75483797604327
103,127,S,104,27.179065325512944
104,128,W,105,27.430836854403477
105,129,F,106,22.986958763422795
106,130,A,107,26.628611403916654
107,131,D,108,24.868896701225008
108,132,S,109,27.04364466319213
109,133,T,110,23.381654613525537
110,134,T,111,25.377965342172335
111,135,K,112,24.75258055394427
112,136,Y,113,24.164290959483996
113,137,S,114,27.403898792275893
114,138,N,115,24.311358240215622
115,139,F,116,29.889689678449326
116,140,E,117,29.31208810443057
117,141,T,118,32.35053802113035
118,142,R,119,37.00245015813683
119,143,P,120,38.935128834822166
120,144,A,121,39.46925733266969
121,145,R,122,45.379012478240426
122,146,Y,123,43.90348817706972
123,147,V,124,37.556464522574544
124,148,R,125,40.58487131421511
125,149,L,126,34.629444521824205
126,150,V,127,37.77122182844765
127,151,A,128,36.263547723995515
128,152,I,129,36.15781918095864
129,153,T,130,34.8241667544207
130,154,E,131,35.194992667868256
131,155,A,132,31.17846771335628
132,156,N,133,33.20066385491862
133,157,G,134,36.468564280780235
134,158,Q,135,38.5404884768045
135,159,P,136,41.85222740636154
136,160,W,137,41.63708026406511
137,161,T,138,37.95856127303168
138,162,S,139,36.50344513129823
139,163,I,140,35.22224990737815
140,164,A,141,34.46383297076082
141,165,E,142,34.1159128401894
142,166,I,143,34.79765442044766
143,167,N,144,32.46303798005819
144,168,V,145,34.00310115862523
145,169,F,146,29.570301404390523
146,170,Q,147,33.84883160614706
147,171,A,148,31.83228461965148
148,172,S,149,32.63927196558465
149,173,S,150,34.71358091631862
150,174,Y,151,36.52396979499765
151,175,T,152,35.49738261047426
152,176,A,153,37.87205397097179
153,177,P,154,35.459283363962676
154,178,Q,155,37.27647897679447
155,179,P,156,40.365768866797275
156,180,G,157,38.445215225465965
157,181,L,158,34.87779189312019
158,182,G,159,33.825611313448576
159,183,R,160,34.82784169563914
160,184,W,161,27.442556333397587
161,185,G,162,29.93634963210779
162,186,P,163,30.687961208692247
163,187,T,164,26.619220433478137
164,188,I,165,26.471215504230255
165,189,D,166,25.657958863397536
166,190,L,167,22.191290723062956
167,191,P,168,22.645606387593162
168,192,I,169,18.429625299647306
169,193,V,170,14.368133790391848
170,194,P,171,16.851189856995266
171,195,A,172,12.354054891836123
172,196,A,173,15.05767236237062
173,197,A,174,18.738419947810435
174,198,A,175,22.070800456224966
175,199,I,176,26.088072282307486
176,200,E,177,27.68123263981935
177,201,P,178,30.079841693901916
178,202,T,179,33.63949635252882
179,203,S,180,32.2408512899334
180,204,G,181,31.07448918615719
181,205,R,182,29.569570504757085
182,206,V,183,24.752760350615446
183,207,L,184,23.07977884272291
184,208,M,185,20.378642202242034
185,209,W,186,16.72407838957053
186,210,S,187,14.416673866970843
187,211,S,188,13.312889828977779
188,212,Y,189,17.132546614776803
189,213,R,190,16.13300773008245
190,214,N,191,17.467268760141067
191,215,D,192,14.502037169349693
192,216,A,193,11.740767856098682
193,217,F,194,7.326161034061427
194,218,E,195,8.747626008855203
195,219,G,196,12.36814303332962
196,220,S,197,13.320337083332388
197,221,P,198,17.59652489113973
198,222,G,199,16.74204913519549
199,223,G,200,19.486731033731647
200,224,I,201,20.070143850259274
201,225,T,202,17.95330725678141
202,226,L,203,19.133381653696244
203,227,T,204,21.08466700440868
204,228,S,205,22.44318773118917
205,229,S,206,25.750919048647567
206,230,W,207,27.625053532243157
207,231,D,208,31.296999106772205
208,232,P,209,31.22320785438614
209,233,S,210,35.553597745569995
210,234,T,211,35.29455578970502
211,235,G,212,32.19885905796974
212,236,I,213,32.666141545571314
213,237,V,214,27.209460044173976
214,238,S,215,28.254526356336257
215,239,D,216,25.312046691056022
216,240,R,217,26.665897491269636
217,241,T,218,23.40802278084375
218,242,V,219,22.84427155560011
219,243,T,220,24.12038569869479
220,244,V,221,26.888521959780537
221,245,T,222,23.56056720867518
222,246,K,223,24.54630720873916
223,247,H,224,17.851742743569883
224,248,D,225,14.960293502074084
225,249,M,226,16.72151022496473
226,250,F,227,9.2330165325315
227,251,C,228,9.235925883012488
228,252,P,229,13.55636336671823
229,253,G,230,16.071700224574872
230,254,I,231,18.08184324059912
231,255,S,232,22.56383500321477
232,256,M,233,26.839242282354025
233,257,D,234,28.371488732579756
234,258,G,235,31.68427896230085
235,259,N,236,33.18673144236263
236,260,G,237,30.41942225830892
237,261,Q,238,29.19523814249509
238,262,I,239,24.004273879286583
239,263,V,240,23.36704360670601
240,264,V,241,19.063264569978568
241,265,T,242,18.3239523222748
242,266,G,243,15.50395576529745
243,267,G,244,11.97616522039505
244,268,N,245,11.609793066325517
245,269,D,246,15.9900649132047
246,270,A,247,15.045491346529698
247,271,K,248,20.12935883213621
248,272,K,249,20.808929949307824
249,273,T,250,22.16903279389744
250,274,S,251,21.979780929813657
251,275,L,252,26.071381674982245
252,276,Y,253,25.87986970804336
253,277,D,254,30.30804774952191
254,278,S,255,30.529634541056993
255,279,S,256,34.39620359559904
256,280,S,257,33.6713329475906
257,281,D,258,30.96454667019364
258,282,S,259,30.05589760963562
259,283,W,260,24.427085460564058
260,284,I,261,29.217984236276468
261,285,P,262,27.252624605632025
262,286,G,263,25.922051148715067
263,287,P,264,26.905301259642126
264,288,D,265,24.04966536598171
265,289,M,266,20.694233676261128
266,290,Q,267,25.278861678685217
267,291,V,268,20.43336242085722
268,292,A,269,17.31282489198398
269,293,R,270,16.733157673460802
270,294,G,271,11.336068577447827
271,295,Y,272,8.254305816402734
272,296,Q,273,15.293874192976743
273,297,S,274,16.768916816601486
274,298,S,275,19.789019755644798
275,299,A,276,23.353037468871154
276,300,T,277,27.039287497079137
277,301,M,278,28.556038123305903
278,302,S,279,33.53740860779944
279,303,D,280,34.315750417225324
280,304,G,281,31.422261529270934
281,305,R,282,31.383940077249704
282,306,V,283,25.15112089338565
283,307,F,284,24.496590923657113
284,308,T,285,20.703584496376468
285,309,I,286,20.30108743572127
286,310,G,287,16.76523195063522
287,311,G,288,13.227535796731
288,312,S,289,11.957923732534006
289,313,F,290,6.57351484295122
290,314,S,291,10.758555738694671
291,315,G,292,14.179289593643258
292,316,G,293,13.941123669453622
293,317,V,294,13.573304604914753
294,318,F,295,18.186920590055923
295,319,E,296,20.915448395884322
296,320,K,297,16.90622870567236
297,321,N,298,23.229092015806387
298,322,G,299,23.77852097581345
299,323,E,300,23.451029173690866
300,324,V,301,27.83676724593932
301,325,Y,302,27.016555632087893
302,326,S,303,31.314137463426967
303,327,P,304,30.899282213404245
304,328,S,305,35.21297851164823
305,329,S,306,34.28785157469917
306,330,K,307,32.22250514869072
307,331,T,308,30.925845227821988
308,332,W,309,25.0458183027307
309,333,T,310,29.641111306511437
310,334,S,311,27.46971935923081
311,335,L,312,28.383790802371696
312,336,P,313,28.581982742451586
313,337,N,314,30.44673390524836
314,338,A,315,26.787621071802924
315,339,K,316,27.14022207255129
316,340,V,317,20.44607401037911
317,341,N,318,23.379755907410587
318,342,P,319,24.648764245472837
319,343,M,320,20.142230947045068
320,344,L,321,18.488699120430297
321,345,T,322,16.65840784840196
322,346,A,323,18.390775084767363
323,347,D,324,13.589609283202371
324,348,K,325,15.672598652406055
325,349,Q,326,9.778431187823537
326,350,G,327,13.605011318804554
327,351,L,328,15.572237721599295
328,352,Y,329,8.167084663329994
329,353,M,330,8.241918247495544
330,354,S,331,14.187707033463864
331,355,D,332,14.361399269952773
332,356,N,333,10.838526557060236
333,357,H,334,12.085813488731326
334,358,A,335,17.373918445776706
335,359,W,336,19.491390673561497
336,360,L,337,21.37023912651424
337,361,F,338,25.013608996324383
338,362,G,339,27.981952636163548
339,363,W,340,32.28766811453097
340,364,K,341,36.90531084957557
341,365,K,342,38.21159070916965
342,366,G,343,32.67675792596781
343,367,S,344,31.525096119534673
344,368,V,345,26.505365692595152
345,369,F,346,27.411110930879836
346,370,Q,347,22.768626575797235
347,371,A,348,23.83063408527981
348,372,G,349,20.66042129282218
349,373,P,350,17.206484398077954
350,374,S,351,20.37854106925469
351,375,T,352,24.091614330036087
352,376,A,353,24.631475882831303
353,377,M,354,26.84847959940563
354,378,N,355,25.97371331928687
355,379,W,356,30.717443461701045
356,380,Y,357,25.656872979131734
357,381,Y,358,32.333274454870796
358,382,T,359,30.63069394458115
359,383,S,360,34.980439114759555
360,384,G,361,35.089007607128195
361,385,S,362,32.60689000782043
362,386,G,363,31.266172379482274
363,387,D,364,31.567023912597463
364,388,V,365,28.45167363048086
365,389,K,366,33.752049925899314
366,390,S,367,30.65944096142818
367,391,A,368,30.25183350093842
368,392,G,369,30.281223789224573
369,393,K,370,29.014132630854228
370,394,R,371,25.493741842242382
371,395,Q,372,30.839301598235004
372,396,S,373,32.08403812988322
373,397,N,374,36.477282126599015
374,398,R,375,32.47641272854039
375,399,G,376,31.490883807175056
376,400,V,377,28.93402444508714
377,401,A,378,25.456609752482755
378,402,P,379,22.74935118977682
379,403,D,380,19.14650688932318
380,404,A,381,18.094084671798132
381,405,M,382,13.077102273642277
382,406,C,383,12.921713291088766
383,407,G,384,16.899360597401312
384,408,N,385,18.966735578620273
385,409,A,386,21.777513071755923
386,410,V,387,25.01273639853305
387,411,M,388,28.45844725687261
388,412,Y,389,31.259440039696813
389,413,D,390,34.322115188353415
390,414,A,391,33.35898580161724
391,415,V,392,38.04570782955812
392,416,K,393,38.58007454194199
393,417,G,394,33.63093866648685
394,418,K,395,34.1873330505569
395,419,I,396,27.73379361961324
396,420,L,397,27.418446367443945
397,421,T,398,24.320399447083513
398,422,F,399,22.392175780296565
399,423,G,400,20.148462375404733
400,424,G,401,16.962229449497492
401,425,S,402,15.322281640992639
402,426,P,403,17.082384779860217
403,427,D,404,13.470609142447865
404,428,Y,405,7.985304694518551
405,429,T,406,8.679625297643902
406,430,D,407,12.157606362154517
407,431,S,408,14.446347974259794
408,432,D,409,18.37113634487535
409,433,A,410,18.03899414064432
410,434,T,411,21.039602239866607
411,435,T,412,24.883173716817154
412,436,N,413,24.524908040987636
413,437,A,414,26.671540524315425
414,438,H,415,27.582119916331667
415,439,I,416,31.598384946390855
416,440,I,417,29.017243814554476
417,441,T,418,34.3718766067464
418,442,L,419,31.733486289471884
419,443,G,420,36.06518635252978
420,444,E,421,38.42789921171856
421,445,P,422,35.04282713993693
422,446,G,423,34.96173931346809
423,447,T,424,36.8017077173723
424,448,S,425,34.808941459764334
425,449,P,426,32.3923494657751
426,450,N,427,35.775978615369844
427,451,T,428,31.321152392148665
428,452,V,429,33.88929464924433
429,453,F,430,33.50351995764326
430,454,A,431,30.520920333866083
431,455,S,432,33.51399319846264
432,456,N,433,33.393161330627265
433,457,G,434,28.944744719223216
434,458,L,435,25.032602623175244
435,459,Y,436,29.897724522555226
436,460,F,437,25.359090288143225
437,461,A,438,21.779899533657176
438,462,R,439,20.453731471878182
439,463,T,440,14.367074831415753
440,464,F,441,11.262707736428219
441,465,H,442,17.67245165540141
442,466,T,443,17.847768648514585
443,467,S,444,21.71867043077223
444,468,V,445,25.1841396041596
445,469,V,446,28.50285089471929
446,470,L,447,30.46149556460582
447,471,P,448,34.103554373909475
448,472,D,449,35.73070268920694
449,473,G,450,33.43230367427737
450,474,S,451,32.23254305626381
451,475,T,452,27.639782852741444
452,476,F,453,26.20923323180593
453,477,I,454,23.873674357572195
454,478,T,455,21.553161289026725
455,479,G,456,19.255505077818658
456,480,G,457,16.494952124989634
457,481,Q,458,14.789815208517652
458,482,R,459,20.725838416799935
459,483,R,460,16.87245062563527
460,484,G,461,11.946968133572637
461,485,I,462,11.450507170942256
462,486,P,463,6.571410570585283
463,487,F,464,6.822658989294423
464,488,E,465,12.45060663987904
465,489,D,466,15.306450229057031
466,490,S,467,15.987586673009783
467,491,T,468,18.44270169958296
468,492,P,469,19.449870281474887
469,493,V,470,21.17317116997357
470,494,F,471,23.0300529311311
471,495,T,472,26.69963988298344
472,496,P,473,26.19609678494298
473,497,E,474,27.038050484844504
474,498,I,475,30.469821099547012
475,499,Y,476,30.957454488129354
476,500,V,477,35.08235561253264
477,501,P,478,34.42077386558443
478,502,E,479,39.32414883355138
479,503,Q,480,39.509630264568415
480,504,D,481,35.92928630957343
481,505,T,482,35.48088330164992
482,506,F,483,30.41561474243452
483,507,Y,484,34.654814779636325
484,508,K,485,30.736956485224756
485,509,Q,486,30.81252311207734
486,510,N,487,32.07755046960569
487,511,P,488,28.937417433843336
488,512,N,489,24.887005913498314
489,513,S,490,25.513244202015944
490,514,I,491,21.761902396167024
491,515,V,492,17.966306145460173
492,516,R,493,18.12078913873234
493,517,A,494,13.115772714720244
494,518,Y,495,7.371080416947031
495,519,H,496,8.687121746240237
496,520,S,497,14.00961486296465
497,521,I,498,16.778970867279078
498,522,S,499,20.43247198085195
499,523,L,500,22.31078094065513
500,524,L,501,28.16671892377421
501,525,L,502,28.403567292748637
502,526,P,503,31.97431785666897
503,527,D,504,33.65564464481553
504,528,G,505,32.5739374226881
505,529,R,506,32.63288571430513
506,530,V,507,26.408100161529987
507,531,F,508,23.606636412409543
508,532,N,509,22.150848688235403
509,533,G,510,18.532492100054974
510,534,G,511,15.921048910671686
511,535,G,512,12.881409964662254
512,536,G,513,10.324198471489204
513,537,L,514,9.869883241300276
514,538,C,515,9.168764182598439
515,539,G,516,12.393726337869497
516,540,D,517,14.827292044203487
517,541,C,518,12.592973331370159
518,542,T,519,16.741834397374145
519,543,T,520,13.485694263993235
520,544,N,521,14.18171103000622
521,545,H,522,16.295558847824154
522,546,F,523,18.285557759595413
523,547,D,524,20.917916293966762
524,548,A,525,22.229944654456524
525,549,Q,526,24.592526947180524
526,550,I,527,28.39489083214972
527,551,F,528,28.47139443150265
528,552,T,529,32.54864823463642
529,553,P,530,32.83332973345378
530,554,N,531,36.586249704282345
531,555,Y,532,37.21457051327477
532,556,L,533,36.88846909765435
533,557,Y,534,38.78809012388984
534,558,D,535,44.53692006280969
535,559,S,536,46.0706781364731
536,560,N,537,47.2750989407669
537,561,G,538,42.54236720325516
538,562,N,539,44.20104348137044
539,563,L,540,40.57473310295091
540,564,A,541,43.10770182645092
541,565,T,542,46.35758034741784
542,566,R,543,40.5116792492807
543,567,P,544,44.63313215406914
544,568,K,545,46.343959438452174
545,569,I,546,43.82766518033672
546,570,T,547,49.10118533999358
547,571,R,548,50.2139141187719
548,572,T,549,45.46287011434826
549,573,S,550,48.459947260115754
550,574,T,551,45.32215128592199
551,575,Q,552,42.08599893658223
552,576,S,553,41.77586863809657
553,577,V,554,41.88240897230364
554,578,K,555,43.87709908278464
555,579,V,556,40.29485081467978
556,580,G,557,44.065522522014874
557,581,G,558,44.9626505552731
558,582,R,559,49.70912011081367
559,583,I,560,44.640943834460984
560,584,T,561,49.64897550701525
561,585,I,562,46.7414073138101
562,586,S,563,50.47774030681841
563,587,T,564,48.67307520365341
564,588,D,565,50.01452099450119
565,589,S,566,50.057166583194665
566,590,S,567,51.259338926027915
567,591,I,568,47.08463856641463
568,592,S,569,46.42271954379666
569,593,K,570,42.72619076282252
570,594,A,571,41.53461884231635
571,595,S,572,37.325389077923894
572,596,L,573,37.07009011304397
573,597,I,574,31.77504170371614
574,598,R,575,28.60584585697476
575,599,Y,576,29.781439446307832
576,600,G,577,24.327379256568108
577,601,T,578,21.30573587852107
578,602,A,579,17.712558866705287
579,603,T,580,13.571584437710285
580,604,H,581,9.628531650620463
581,605,T,582,13.757706309461618
582,606,V,583,15.716120419142888
583,607,N,584,20.35439884040057
584,608,T,585,21.16785047938737
585,609,D,586,23.996007013722096
586,610,Q,587,24.621121335954626
587,611,R,588,28.929977024819777
588,612,R,589,33.41676919532917
589,613,I,590,35.83216835786665
590,614,P,591,38.123661801432455
591,615,L,592,40.970494496035805
592,616,T,593,45.622019837361435
593,617,L,594,46.46201878415208
594,618,T,595,51.3381272463449
595,619,N,596,53.5484676072864
596,620,N,597,54.42652723756955
597,621,G,598,56.57762820675501
598,622,G,599,56.70613135673161
599,623,N,600,53.20697059253515
600,624,S,601,53.27319052765096
601,625,Y,602,50.32313992651294
602,626,S,603,49.342024140071516
603,627,F,604,44.426703996768666
604,628,Q,605,45.74717165491765
605,629,V,606,40.98347561095935
606,630,P,607,39.88278663559632
607,631,S,608,42.57970154945899
608,632,D,609,39.22854887538539
609,633,S,610,36.41582749772961
610,634,G,611,34.113410990166315
611,635,V,612,35.532001389685334
612,636,A,613,35.814199940505446
613,637,L,614,30.949961761793826
614,638,P,615,33.53570032190919
615,639,G,616,32.55783285611314
616,640,Y,617,32.750909828893306
617,641,W,618,33.04086805137541
618,642,M,619,32.58994609235493
619,643,L,620,39.461294111360566
620,644,F,621,36.17959776886001
621,645,V,622,42.43601899522269
622,646,M,623,41.12262556129533
623,647,N,624,45.519783726768736
624,648,S,625,47.874402331724205
625,649,A,626,45.59636586321546
626,650,G,627,42.15011668203304
627,651,V,628,41.87063298566909
628,652,P,629,38.44550413736437
629,653,S,630,40.415725558404866
630,654,V,631,38.575683439044866
631,655,A,632,36.24551781142739
632,656,S,633,39.14459370631148
633,657,T,634,36.04882885544134
634,658,I,635,38.73288008619034
635,659,R,636,36.70189900130646
636,660,V,637,36.6852667328275
637,661,T,638,38.63514437646248
638,662,Q,639,38.67910746996627
