,Position,RealPos,AA,entropy,sift,prob,A,C,D,E,F,G,H,I,K,L,M,N,P,Q,R,S,T,V,W,Y
0,24,1,A,3.534159644809251,0.209,0.95,1.0,0.07,0.2,0.41,0.03,0.12,0.03,0.06,0.29,0.15,0.04,0.15,0.08,0.7,0.12,0.25,0.37,0.1,0.0,0.01
2,25,2,S,2.125971483396081,0.12300000000000003,0.95,1.0,0.0,0.0,0.0,0.0,0.53,0.0,0.0,0.04,0.0,0.0,0.04,0.1,0.0,0.03,0.66,0.04,0.02,0.0,0.0
4,26,3,A,3.3928978582333733,0.1765,0.95,0.69,0.07,0.12,0.16,0.09,0.08,0.02,0.02,0.24,0.17,0.01,0.08,1.0,0.09,0.2,0.13,0.28,0.07,0.0,0.01
6,27,4,P,0.2928856895115492,0.052000000000000005,0.95,0.02,0.0,0.0,0.0,0.0,0.0,0.0,0.0,0.0,0.0,0.0,0.0,1.0,0.0,0.0,0.0,0.01,0.01,0.0,0.0
8,28,5,I,4.154471841674532,0.3949999999999999,0.92,0.52,0.17,0.2,0.27,0.7,0.33,0.54,0.4,0.29,0.64,0.22,0.3,0.21,0.29,0.35,0.39,0.39,0.5,0.19,1.0
10,29,6,G,2.4516931744578154,0.10350000000000001,0.96,0.18,0.0,0.02,0.04,0.0,1.0,0.0,0.0,0.01,0.05,0.0,0.08,0.01,0.01,0.01,0.29,0.25,0.12,0.0,0.0
12,30,7,S,3.936702312383248,0.458,0.96,0.79,0.06,0.63,1.0,0.08,0.39,0.2,0.3,0.98,0.3,0.12,0.55,0.27,0.65,0.58,1.0,0.68,0.48,0.02,0.08
14,31,8,A,3.8856961736322457,0.4005000000000001,0.96,0.75,0.05,0.62,1.0,0.05,0.38,0.12,0.19,0.92,0.31,0.11,0.49,0.28,0.58,0.52,0.73,0.57,0.28,0.02,0.04
16,32,9,I,1.395800975456845,0.10799999999999998,0.96,0.0,0.0,0.0,0.0,0.0,0.0,0.0,1.0,0.0,0.99,0.1,0.0,0.0,0.0,0.0,0.0,0.0,0.07,0.0,0.0
18,33,10,P,3.190410939345056,0.219,0.97,0.24,0.02,1.0,0.1,0.01,0.08,0.02,0.04,0.11,0.04,0.02,0.4,0.79,0.07,0.06,0.92,0.35,0.09,0.01,0.01
20,34,11,R,1.7868797855966052,0.0695,0.98,0.01,0.0,0.01,0.01,0.0,0.0,0.01,0.07,0.05,0.02,0.0,0.01,0.02,0.03,1.0,0.04,0.08,0.03,0.0,0.0
22,35,12,N,3.5245313688850826,0.26699999999999996,0.98,0.58,0.02,0.5,0.66,0.01,0.11,0.03,0.05,0.65,0.09,0.03,0.34,0.08,0.3,0.28,0.48,1.0,0.12,0.0,0.01
24,36,13,N,2.781764695030764,0.12249999999999998,0.97,0.1,0.0,0.23,0.12,0.0,1.0,0.0,0.01,0.34,0.01,0.0,0.29,0.01,0.08,0.06,0.14,0.05,0.01,0.0,0.0
26,37,14,W,1.1843293368758376,0.0645,0.97,0.0,0.03,0.0,0.0,0.12,0.0,0.0,0.0,0.0,0.06,0.0,0.0,0.0,0.0,0.0,0.0,0.0,0.0,1.0,0.08
28,38,15,A,2.8726451726257336,0.125,0.98,0.16,0.0,0.12,0.07,0.0,0.05,0.01,0.04,0.38,0.01,0.0,0.05,0.01,0.04,0.1,0.29,1.0,0.17,0.0,0.0
30,39,16,V,2.1758911214457166,0.1105,0.97,0.69,0.04,0.0,0.05,0.0,0.0,0.0,0.09,0.01,0.17,0.01,0.0,0.04,0.0,0.0,0.03,0.08,1.0,0.0,0.0
32,40,17,T,2.706152643868011,0.09100000000000001,0.98,0.04,0.0,0.02,0.1,0.03,0.04,0.05,0.05,0.09,0.02,0.01,0.02,0.01,0.07,0.05,0.12,1.0,0.06,0.0,0.04
34,41,18,C,1.2685659954555566,0.076,0.98,0.42,1.0,0.0,0.0,0.0,0.0,0.0,0.0,0.0,0.0,0.0,0.0,0.0,0.0,0.0,0.02,0.04,0.04,0.0,0.0
36,42,19,D,2.0754345405467487,0.119,0.98,0.03,0.0,0.91,0.04,0.0,0.05,0.01,0.0,0.02,0.0,0.0,0.11,0.01,0.01,0.01,1.0,0.16,0.01,0.0,0.01
38,43,20,S,1.581246561400279,0.0745,0.98,0.01,0.0,0.24,0.0,0.0,0.07,0.0,0.0,0.04,0.0,0.0,0.1,0.0,0.0,0.0,1.0,0.03,0.0,0.0,0.0
40,44,21,A,4.164155376475195,0.5235,0.98,0.85,0.14,0.49,1.0,0.57,0.42,0.39,0.36,0.68,0.57,0.19,0.47,0.27,0.79,0.5,0.83,0.58,0.58,0.12,0.67
42,45,22,Q,3.3427140898533327,0.196,0.97,0.46,0.01,0.14,1.0,0.01,0.07,0.38,0.02,0.26,0.04,0.01,0.15,0.03,0.75,0.09,0.18,0.12,0.1,0.0,0.1
44,46,23,S,3.798849427115544,0.305,0.96,0.72,0.03,0.42,1.0,0.03,0.27,0.08,0.13,0.56,0.17,0.06,0.32,0.29,0.36,0.35,0.66,0.4,0.2,0.03,0.02
46,47,24,G,2.1941762449338547,0.0945,0.96,0.02,0.0,0.2,0.05,0.0,1.0,0.01,0.0,0.04,0.0,0.0,0.39,0.01,0.02,0.01,0.04,0.08,0.02,0.0,0.0
48,48,25,N,3.4016220402516666,0.17949999999999997,0.96,0.07,0.02,0.44,0.08,0.19,0.48,0.33,0.02,0.08,0.04,0.01,1.0,0.05,0.06,0.07,0.24,0.08,0.03,0.01,0.29
50,49,26,E,3.4347024641888626,0.1815,0.97,0.17,0.01,0.25,1.0,0.01,0.22,0.02,0.03,0.24,0.09,0.02,0.14,0.38,0.16,0.51,0.18,0.13,0.06,0.0,0.01
52,50,27,C,1.3586007465823107,0.077,0.97,0.38,1.0,0.0,0.0,0.0,0.01,0.0,0.0,0.0,0.0,0.0,0.0,0.11,0.0,0.0,0.04,0.0,0.0,0.0,0.0
54,51,28,N,3.5389360669230427,0.2899999999999999,0.97,0.96,0.01,0.18,0.86,0.01,0.35,0.05,0.07,0.59,0.09,0.03,0.27,0.07,0.51,0.14,1.0,0.34,0.16,0.08,0.03
56,52,29,K,3.8638760792010656,0.265,0.97,0.22,0.06,0.12,0.17,0.24,0.13,0.26,0.13,0.82,0.31,0.08,1.0,0.1,0.16,0.34,0.26,0.16,0.17,0.06,0.51
58,53,30,A,1.665663144739161,0.09100000000000001,0.97,1.0,0.0,0.0,0.0,0.0,0.0,0.0,0.08,0.0,0.04,0.06,0.0,0.0,0.0,0.0,0.01,0.05,0.58,0.0,0.0
60,54,31,I,1.7806619185883497,0.10750000000000001,0.97,0.0,0.0,0.0,0.0,0.03,0.0,0.0,1.0,0.0,0.78,0.0,0.06,0.0,0.0,0.02,0.0,0.04,0.22,0.0,0.0
62,55,32,D,0.34147878928863745,0.052500000000000005,0.97,0.0,0.0,1.0,0.0,0.0,0.01,0.0,0.0,0.0,0.0,0.0,0.0,0.0,0.0,0.01,0.0,0.0,0.0,0.0,0.03
64,56,33,G,1.4555325215955397,0.065,0.97,0.04,0.0,0.07,0.04,0.0,1.0,0.0,0.0,0.02,0.0,0.0,0.07,0.01,0.01,0.02,0.01,0.01,0.0,0.0,0.0
66,57,34,N,2.9070555645362885,0.14649999999999996,0.97,0.05,0.0,1.0,0.13,0.0,0.02,0.01,0.01,0.21,0.09,0.01,0.72,0.07,0.08,0.13,0.27,0.11,0.01,0.01,0.0
68,58,35,K,3.88897184254147,0.4509999999999999,0.97,0.91,0.05,0.66,1.0,0.06,0.46,0.12,0.2,0.99,0.31,0.11,0.69,0.37,0.58,0.6,0.84,0.65,0.36,0.02,0.04
70,59,36,D,3.5593186883609236,0.2995,0.97,0.56,0.01,1.0,0.52,0.01,0.37,0.14,0.05,0.34,0.08,0.03,0.69,0.07,0.28,0.28,0.77,0.71,0.07,0.0,0.01
72,60,37,T,1.051665837937284,0.063,0.97,0.03,0.0,0.0,0.0,0.0,0.01,0.0,0.0,0.0,0.0,0.0,0.0,0.0,0.01,0.04,0.17,1.0,0.0,0.0,0.0
74,61,38,F,3.129572667869201,0.16449999999999998,0.97,0.1,0.01,0.03,0.02,1.0,0.03,0.13,0.5,0.02,0.23,0.23,0.02,0.01,0.02,0.02,0.18,0.05,0.06,0.02,0.61
76,62,39,W,0.34147878928863745,0.052500000000000005,0.97,0.0,0.03,0.0,0.0,0.0,0.0,0.0,0.0,0.0,0.0,0.0,0.0,0.0,0.0,0.01,0.0,0.0,0.0,1.0,0.01
78,63,40,H,2.448709261212424,0.09050000000000001,0.97,0.03,0.0,0.01,0.03,0.02,0.01,1.0,0.02,0.01,0.11,0.01,0.01,0.01,0.23,0.16,0.06,0.02,0.03,0.0,0.04
80,64,41,T,1.3165587557838385,0.08900000000000001,0.97,0.0,0.0,0.02,0.0,0.0,0.0,0.0,0.0,0.0,0.04,0.0,0.04,0.0,0.0,0.0,1.0,0.68,0.0,0.0,0.0
82,65,42,F,3.7026843417090065,0.32349999999999995,0.97,0.64,0.02,0.64,0.84,0.11,0.3,0.05,0.07,1.0,0.13,0.04,0.38,0.25,0.6,0.6,0.34,0.33,0.11,0.01,0.01
84,66,43,Y,4.086246066969749,0.31450000000000006,0.96,0.33,0.11,0.17,0.18,0.54,0.24,0.32,0.24,0.17,0.4,0.13,0.26,0.29,0.17,0.21,0.36,0.24,0.32,0.61,1.0
86,67,44,G,3.6181427688759222,0.20699999999999993,0.96,0.27,0.01,0.27,0.5,0.04,0.41,0.11,0.07,0.22,0.1,0.02,0.21,0.09,0.19,0.17,1.0,0.34,0.1,0.0,0.02
88,68,45,A,1.9362664844880053,0.07500000000000001,0.13,1.0,0.01,0.01,0.08,0.0,0.15,0.0,0.01,0.01,0.01,0.0,0.01,0.03,0.01,0.01,0.05,0.02,0.09,0.0,0.0
90,69,46,N,3.6599749094519396,0.2775,0.84,0.35,0.02,0.34,0.37,0.02,1.0,0.07,0.06,0.42,0.1,0.04,0.28,0.8,0.29,0.23,0.56,0.48,0.1,0.01,0.01
92,70,47,G,3.7296781521617217,0.29,0.67,0.45,0.02,0.32,0.43,0.02,0.32,0.1,0.08,0.52,0.12,0.04,0.32,0.44,0.23,0.21,0.83,1.0,0.32,0.01,0.02
94,71,48,D,3.887354508898936,0.4109999999999999,0.72,0.83,0.05,0.66,1.0,0.05,0.4,0.11,0.2,0.88,0.32,0.1,0.59,0.32,0.57,0.5,0.72,0.57,0.29,0.02,0.04
96,72,49,P,3.653961482554988,0.2415,0.87,1.0,0.02,0.27,0.47,0.02,0.15,0.09,0.06,0.29,0.1,0.03,0.16,0.62,0.22,0.21,0.42,0.46,0.22,0.01,0.01
98,73,50,K,3.1949119265954793,0.1375,0.87,0.31,0.01,0.06,0.11,0.0,0.21,0.07,0.01,0.24,0.05,0.01,0.2,1.0,0.1,0.12,0.14,0.08,0.03,0.0,0.0
100,74,51,P,3.920672518976738,0.4175,0.98,0.75,0.05,0.62,1.0,0.07,0.39,0.13,0.19,0.94,0.48,0.12,0.49,0.36,0.59,0.52,0.73,0.56,0.29,0.02,0.05
102,75,52,P,1.9806423883601982,0.07300000000000001,0.98,0.04,0.0,0.04,0.02,0.01,0.09,0.0,0.01,0.05,0.0,0.0,0.03,1.0,0.01,0.02,0.05,0.07,0.01,0.01,0.0
104,76,53,H,1.4569444710574067,0.06500000000000002,0.96,0.0,0.0,0.04,0.02,0.0,0.0,1.0,0.0,0.0,0.0,0.0,0.05,0.02,0.08,0.02,0.03,0.0,0.01,0.0,0.03
106,77,54,T,4.115922594380891,0.3875,0.98,0.42,0.12,0.17,0.32,0.47,0.24,0.37,0.31,0.23,0.46,0.18,0.31,0.15,0.42,0.25,1.0,0.72,0.37,0.48,0.76
108,78,55,Y,1.6304997011489437,0.07350000000000001,0.98,0.0,0.0,0.0,0.0,0.07,0.0,0.0,1.0,0.0,0.15,0.01,0.0,0.0,0.0,0.0,0.0,0.0,0.11,0.03,0.1
110,79,56,T,2.2499678109351224,0.0865,0.98,0.03,0.0,0.0,0.01,0.01,0.01,0.01,0.14,0.07,0.02,0.01,0.01,0.0,0.08,0.01,0.03,1.0,0.25,0.0,0.04
112,80,57,I,1.5869459603471228,0.0935,0.98,0.01,0.0,0.0,0.0,0.01,0.0,0.0,1.0,0.0,0.28,0.03,0.0,0.0,0.0,0.0,0.0,0.0,0.54,0.0,0.0
114,81,58,D,0.7129792115979283,0.05700000000000001,0.98,0.03,0.0,1.0,0.0,0.0,0.0,0.01,0.0,0.0,0.0,0.0,0.09,0.0,0.01,0.0,0.0,0.0,0.0,0.0,0.0
116,82,59,M,1.8216174419170568,0.10399999999999998,0.98,0.06,0.0,0.0,0.0,0.1,0.0,0.0,0.02,0.0,0.74,1.0,0.0,0.0,0.09,0.0,0.0,0.07,0.0,0.0,0.0
118,83,60,K,3.552759760683134,0.20049999999999998,0.98,0.16,0.01,0.1,0.23,0.02,0.5,0.28,0.05,1.0,0.09,0.03,0.14,0.08,0.31,0.54,0.19,0.14,0.1,0.01,0.03
120,84,61,T,3.742301230620578,0.4034999999999999,0.98,0.94,0.03,0.51,0.69,0.03,0.26,0.13,0.16,1.0,0.21,0.06,0.36,0.24,0.63,0.83,0.94,0.83,0.19,0.01,0.02
122,85,62,T,4.0244852943803435,0.30400000000000005,0.98,0.6,0.06,0.17,0.43,0.31,0.16,0.25,0.17,0.2,0.27,0.1,0.16,0.23,0.19,0.24,0.5,1.0,0.52,0.16,0.36
124,86,63,Q,4.129597249563341,0.36050000000000004,0.98,0.46,0.14,0.17,0.25,0.55,0.26,0.55,0.31,0.28,0.54,0.18,0.27,0.16,0.45,0.41,0.32,0.37,0.4,0.14,1.0
126,87,64,N,4.088077395775289,0.5345,0.98,0.92,0.1,0.62,0.95,0.24,0.43,0.27,0.32,0.95,0.47,0.15,1.0,0.34,0.65,0.57,0.85,0.73,0.61,0.08,0.44
128,88,65,V,1.0920096711024543,0.0645,0.98,0.0,0.0,0.0,0.0,0.01,0.0,0.0,0.2,0.03,0.04,0.01,0.0,0.0,0.0,0.0,0.0,0.0,1.0,0.0,0.0
130,89,66,N,2.4811286706645164,0.12399999999999997,0.98,0.09,0.04,0.03,0.04,0.0,0.09,0.11,0.02,0.05,0.01,0.0,0.82,0.01,0.05,0.02,1.0,0.09,0.01,0.0,0.0
132,90,67,G,1.1772066238904775,0.07400000000000001,0.98,0.4,0.0,0.0,0.01,0.0,1.0,0.0,0.0,0.0,0.0,0.0,0.0,0.0,0.0,0.0,0.06,0.01,0.0,0.0,0.0
134,91,68,L,1.563182968889142,0.093,0.98,0.0,0.0,0.0,0.0,0.04,0.0,0.0,0.54,0.0,1.0,0.01,0.0,0.0,0.0,0.0,0.0,0.0,0.27,0.0,0.0
136,92,69,S,3.2394367223776275,0.153,0.98,0.24,0.01,0.07,0.16,0.01,0.07,0.02,0.07,0.11,0.04,0.01,0.06,0.04,0.19,0.14,1.0,0.41,0.4,0.0,0.01
138,93,70,V,2.9034829564847624,0.22199999999999998,0.98,0.21,0.02,0.01,0.02,0.07,0.01,0.01,0.77,0.02,0.48,0.86,0.01,0.02,0.03,0.01,0.02,0.06,1.0,0.01,0.8
140,94,71,L,3.2876422529557474,0.149,0.98,0.05,0.01,0.01,0.07,0.03,0.03,0.13,0.03,0.23,1.0,0.02,0.04,0.03,0.34,0.33,0.04,0.23,0.24,0.07,0.05
142,95,72,P,0.5558861001931105,0.05450000000000001,0.98,0.0,0.0,0.0,0.03,0.0,0.0,0.0,0.0,0.0,0.0,0.0,0.0,1.0,0.01,0.0,0.04,0.01,0.0,0.0,0.0
144,96,73,R,2.0918465230133396,0.0775,0.98,0.01,0.0,0.0,0.07,0.03,0.01,0.03,0.01,0.01,0.09,0.01,0.01,0.17,0.01,1.0,0.02,0.01,0.02,0.0,0.04
146,97,74,Q,4.096348666704358,0.395,0.98,0.6,0.1,0.43,0.67,0.2,0.38,0.2,0.27,0.67,0.49,0.16,0.36,0.3,1.0,0.42,0.54,0.45,0.29,0.05,0.32
148,98,75,D,1.867912267169489,0.07150000000000002,0.94,0.04,0.01,1.0,0.04,0.0,0.08,0.01,0.0,0.02,0.0,0.0,0.04,0.05,0.01,0.0,0.08,0.03,0.02,0.0,0.0
150,99,76,G,2.8954662358443364,0.11550000000000002,0.93,0.11,0.0,0.14,0.16,0.0,1.0,0.01,0.01,0.15,0.04,0.0,0.09,0.05,0.02,0.05,0.19,0.25,0.04,0.0,0.0
152,100,77,N,3.3728202293669276,0.22399999999999998,0.72,0.19,0.01,0.43,0.3,0.01,0.44,0.07,0.05,0.43,0.06,0.02,0.89,0.05,0.18,0.13,1.0,0.16,0.05,0.0,0.01
154,101,78,Q,3.8702606595100986,0.4419999999999999,0.96,0.94,0.05,0.7,1.0,0.07,0.42,0.11,0.17,0.86,0.29,0.1,0.55,0.38,0.7,0.56,0.76,0.83,0.3,0.02,0.03
156,102,79,N,2.943155185137214,0.12399999999999997,0.98,0.05,0.0,0.23,0.21,0.0,0.06,0.24,0.05,0.14,0.02,0.01,1.0,0.01,0.04,0.29,0.05,0.06,0.02,0.0,0.0
158,103,80,G,0.8374153142872923,0.05800000000000001,0.97,0.02,0.0,0.0,0.0,0.0,1.0,0.0,0.0,0.0,0.01,0.0,0.08,0.0,0.01,0.0,0.04,0.0,0.0,0.0,0.0
160,104,81,W,4.159331256899066,0.39849999999999997,0.97,0.5,0.17,0.2,0.27,0.7,0.32,0.53,0.39,0.28,0.67,0.22,0.32,0.2,0.32,0.39,0.39,0.39,0.49,0.22,1.0
162,105,82,I,0.9325993956880746,0.06000000000000001,0.97,0.08,0.0,0.0,0.0,0.01,0.0,0.0,1.0,0.0,0.01,0.0,0.0,0.0,0.0,0.0,0.0,0.01,0.09,0.0,0.0
164,106,83,G,2.7690465302638634,0.12599999999999997,0.97,0.56,0.01,0.03,0.15,0.04,1.0,0.02,0.04,0.02,0.02,0.01,0.01,0.01,0.03,0.01,0.09,0.34,0.05,0.01,0.07
166,107,84,R,3.611639723100076,0.27599999999999997,0.97,0.75,0.02,0.25,0.57,0.02,0.36,0.12,0.06,0.53,0.09,0.08,0.21,0.08,1.0,0.7,0.3,0.27,0.09,0.01,0.01
168,108,85,H,0.8822383958786754,0.06799999999999999,0.97,0.0,0.0,0.0,0.0,0.01,0.0,1.0,0.0,0.0,0.0,0.0,0.0,0.0,0.0,0.0,0.0,0.0,0.0,0.0,0.35
170,109,86,E,3.4321195390216923,0.22199999999999998,0.98,0.18,0.01,0.33,1.0,0.01,0.07,0.02,0.08,0.35,0.05,0.02,0.18,0.05,0.53,0.37,0.39,0.66,0.13,0.0,0.01
172,110,87,V,1.2802035086108738,0.095,0.98,0.0,0.0,0.0,0.0,0.0,0.0,0.0,0.77,0.0,0.13,0.0,0.0,0.0,0.0,0.0,0.0,0.0,1.0,0.0,0.0
174,111,88,Y,4.074617951158785,0.3195,0.98,0.49,0.12,0.16,0.26,0.66,0.21,0.38,0.24,0.18,0.43,0.14,0.19,0.13,0.24,0.26,0.43,0.36,0.31,0.2,1.0
176,112,89,L,2.0630079473796155,0.14299999999999996,0.98,0.05,0.05,0.0,0.0,0.0,0.0,0.0,0.27,0.0,0.95,0.0,0.0,0.0,0.0,0.0,0.0,0.53,1.0,0.0,0.01
178,113,90,S,0.40506269245806953,0.053500000000000006,0.98,0.05,0.0,0.02,0.0,0.0,0.0,0.0,0.0,0.0,0.0,0.0,0.0,0.0,0.0,0.0,1.0,0.0,0.0,0.0,0.0
180,114,91,S,3.6321433554148967,0.27349999999999997,0.98,0.35,0.02,0.39,0.6,0.01,0.12,0.06,0.07,0.6,0.15,0.07,0.36,0.19,0.32,0.21,0.77,1.0,0.17,0.0,0.01
182,115,92,D,0.5787397441437999,0.05600000000000001,0.98,0.01,0.0,1.0,0.0,0.0,0.01,0.0,0.0,0.0,0.0,0.0,0.1,0.0,0.0,0.0,0.0,0.0,0.0,0.0,0.0
184,116,93,G,1.9299707324008868,0.0795,0.98,0.09,0.0,0.02,0.04,0.0,1.0,0.03,0.0,0.13,0.0,0.01,0.22,0.02,0.0,0.01,0.01,0.0,0.0,0.0,0.01
186,117,94,T,3.8066917269331606,0.37949999999999995,0.98,0.51,0.03,0.45,0.95,0.04,0.27,0.11,0.18,0.98,0.22,0.09,0.55,0.3,0.49,0.47,0.61,1.0,0.31,0.01,0.02
188,118,95,N,2.9710984469678494,0.16399999999999998,0.98,0.3,0.0,0.2,0.1,0.0,0.16,0.03,0.02,0.15,0.03,0.01,1.0,0.02,0.11,0.04,0.26,0.83,0.02,0.0,0.0
190,119,96,W,0.9555713911058611,0.0645,0.98,0.0,0.0,0.0,0.0,0.24,0.0,0.0,0.0,0.0,0.02,0.0,0.0,0.0,0.0,0.0,0.0,0.0,0.0,1.0,0.03
192,120,97,G,1.6450838385965056,0.06850000000000002,0.71,0.03,0.0,0.03,0.06,0.0,1.0,0.0,0.01,0.06,0.0,0.0,0.01,0.0,0.01,0.02,0.05,0.09,0.0,0.0,0.0
194,121,98,S,3.7600059290734573,0.36000000000000004,0.98,0.79,0.03,0.56,1.0,0.03,0.41,0.11,0.11,0.76,0.19,0.06,0.32,0.19,0.56,0.37,0.83,0.64,0.2,0.01,0.03
196,122,99,P,3.328366174892624,0.14200000000000002,0.98,0.22,0.01,0.12,0.22,0.01,0.04,0.01,0.11,0.14,0.14,0.01,0.08,1.0,0.11,0.15,0.1,0.25,0.12,0.0,0.0
198,123,100,V,0.711371467110526,0.05600000000000001,0.98,0.02,0.03,0.0,0.0,0.0,0.0,0.0,0.05,0.0,0.01,0.0,0.0,0.0,0.01,0.0,0.0,0.0,1.0,0.0,0.0
200,124,101,A,0.6872501548023636,0.05550000000000001,0.98,1.0,0.0,0.0,0.0,0.0,0.0,0.0,0.0,0.0,0.0,0.0,0.0,0.03,0.01,0.0,0.03,0.02,0.02,0.0,0.0
202,125,102,S,3.720915770993636,0.18750000000000003,0.98,0.21,0.04,0.06,0.13,0.34,0.1,0.21,0.11,0.08,0.18,0.09,0.07,0.05,0.07,0.09,0.3,0.36,0.22,0.04,1.0
204,126,103,G,0.35060668614896073,0.053000000000000005,0.98,0.01,0.0,0.0,0.0,0.0,1.0,0.0,0.0,0.0,0.0,0.0,0.0,0.0,0.0,0.0,0.05,0.0,0.0,0.0,0.0
206,127,104,S,2.670024136209874,0.0965,0.98,0.11,0.0,0.01,0.01,0.05,0.02,0.03,0.01,0.03,0.07,0.2,0.17,0.01,0.03,0.05,0.09,1.0,0.02,0.0,0.02
208,128,105,W,0.9261519325999991,0.0625,0.98,0.0,0.0,0.0,0.0,0.06,0.0,0.0,0.0,0.0,0.0,0.01,0.0,0.0,0.0,0.0,0.0,0.0,0.0,1.0,0.18
210,129,106,F,4.156443595432451,0.396,0.98,0.51,0.18,0.2,0.27,0.7,0.33,0.54,0.39,0.29,0.65,0.22,0.31,0.21,0.29,0.35,0.4,0.39,0.5,0.19,1.0
212,130,107,A,3.843268845994638,0.36849999999999994,0.98,0.84,0.03,1.0,0.71,0.03,0.43,0.08,0.13,0.61,0.21,0.07,0.68,0.35,0.38,0.35,0.67,0.43,0.23,0.12,0.02
214,131,108,D,1.6529936686063404,0.0765,0.98,0.0,0.0,1.0,0.02,0.0,0.06,0.0,0.0,0.0,0.0,0.0,0.2,0.0,0.0,0.0,0.07,0.17,0.01,0.0,0.0
216,132,109,S,3.763870537564823,0.33650000000000013,0.98,0.68,0.03,0.6,0.64,0.02,0.25,0.06,0.11,1.0,0.14,0.06,0.8,0.18,0.36,0.27,0.73,0.48,0.15,0.11,0.06
218,133,110,T,3.62122771586585,0.1885,0.98,0.29,0.03,0.07,0.06,0.17,0.14,0.1,0.13,0.06,0.21,0.05,0.08,0.04,0.09,0.3,0.54,1.0,0.09,0.03,0.29
220,134,111,T,3.9240438231035166,0.39749999999999996,0.98,0.73,0.05,0.54,1.0,0.05,0.3,0.1,0.26,0.76,0.34,0.14,0.4,0.37,0.62,0.42,0.59,0.6,0.63,0.02,0.03
222,135,112,K,1.0473940895123397,0.062,0.98,0.0,0.0,0.0,0.0,0.0,0.0,0.01,0.0,1.0,0.0,0.0,0.0,0.0,0.04,0.14,0.0,0.0,0.02,0.03,0.0
224,136,113,Y,4.018248903215702,0.3224999999999999,0.98,0.28,0.1,0.12,0.18,0.54,0.28,0.3,0.33,0.21,0.72,0.43,0.19,0.11,0.18,0.22,0.26,0.6,0.3,0.1,1.0
226,137,114,S,1.7229880646361437,0.11749999999999998,0.99,1.0,0.0,0.0,0.0,0.0,0.0,0.0,0.02,0.0,0.0,0.0,0.0,0.0,0.0,0.0,0.92,0.24,0.17,0.0,0.0
228,138,115,N,3.8979057989662365,0.41999999999999993,0.99,0.83,0.05,0.62,1.0,0.08,0.39,0.12,0.21,0.92,0.31,0.11,0.59,0.27,0.59,0.54,0.74,0.65,0.32,0.02,0.04
230,139,116,F,0.39640624249116213,0.053000000000000005,0.99,0.0,0.0,0.0,0.0,1.0,0.0,0.0,0.01,0.0,0.03,0.0,0.0,0.0,0.0,0.0,0.0,0.0,0.0,0.02,0.0
232,140,117,E,3.2631198885296784,0.14950000000000002,0.99,0.14,0.01,0.33,1.0,0.01,0.07,0.01,0.09,0.12,0.04,0.01,0.12,0.1,0.25,0.07,0.14,0.39,0.09,0.0,0.0
234,141,118,T,2.4160317869763546,0.11950000000000001,0.98,0.31,0.0,0.01,0.06,0.0,0.01,0.0,0.01,0.02,0.01,0.0,0.1,1.0,0.04,0.02,0.09,0.64,0.07,0.0,0.0
236,142,119,R,3.8753527634710636,0.4214999999999999,0.99,0.73,0.05,0.55,1.0,0.04,0.34,0.12,0.28,1.0,0.29,0.1,0.43,0.24,0.66,0.72,0.76,0.6,0.47,0.02,0.03
238,143,120,P,3.5094710743245843,0.246,0.99,0.17,0.01,0.12,0.41,0.01,0.06,0.13,0.05,0.53,0.1,0.05,0.12,1.0,0.33,0.23,0.73,0.69,0.16,0.0,0.02
240,144,121,A,1.4930088799337995,0.06800000000000002,0.99,1.0,0.04,0.0,0.0,0.0,0.11,0.0,0.02,0.0,0.0,0.0,0.03,0.0,0.0,0.0,0.01,0.07,0.08,0.0,0.0
242,145,122,R,0.9299096671715463,0.061,0.99,0.05,0.0,0.0,0.0,0.0,0.0,0.0,0.0,0.04,0.0,0.0,0.0,0.0,0.13,1.0,0.0,0.0,0.0,0.0,0.0
244,146,123,Y,1.114195854836151,0.062,0.99,0.0,0.03,0.0,0.0,0.12,0.0,0.04,0.0,0.02,0.02,0.0,0.0,0.0,0.0,0.0,0.0,0.0,0.0,0.01,1.0
246,147,124,V,1.4724033496221802,0.0755,0.99,0.02,0.0,0.0,0.0,0.04,0.0,0.0,0.23,0.0,0.21,0.01,0.0,0.0,0.0,0.0,0.0,0.0,1.0,0.0,0.0
248,148,125,R,1.1859810262853308,0.06699999999999999,0.99,0.02,0.0,0.0,0.03,0.0,0.0,0.0,0.0,0.24,0.0,0.0,0.0,0.0,0.03,1.0,0.02,0.0,0.0,0.0,0.0
250,149,126,L,1.3206733954848435,0.0685,0.99,0.0,0.0,0.0,0.0,0.07,0.0,0.0,0.17,0.0,1.0,0.0,0.0,0.0,0.0,0.0,0.0,0.0,0.1,0.03,0.0
252,150,127,V,3.122751781443325,0.15599999999999997,0.99,0.1,0.07,0.03,0.05,0.05,0.03,0.04,0.09,0.16,0.07,0.03,0.11,0.02,0.06,0.14,0.12,0.88,1.0,0.01,0.06
254,151,128,A,1.6130736623140138,0.07050000000000002,0.99,1.0,0.0,0.0,0.0,0.0,0.02,0.06,0.02,0.0,0.0,0.03,0.0,0.0,0.0,0.0,0.09,0.08,0.11,0.0,0.0
256,152,129,I,3.898556260067359,0.42349999999999993,0.99,0.74,0.05,0.65,1.0,0.05,0.37,0.12,0.21,0.93,0.48,0.12,0.49,0.28,0.59,0.54,0.72,0.76,0.31,0.02,0.04
258,153,130,T,2.5106259072860047,0.141,0.99,0.22,0.04,0.03,0.1,0.0,0.17,0.03,0.0,0.07,0.01,0.0,0.04,0.03,0.01,0.08,1.0,0.98,0.01,0.0,0.0
260,154,131,E,2.015620449483354,0.07750000000000003,0.99,0.04,0.0,0.07,1.0,0.0,0.05,0.0,0.0,0.02,0.0,0.0,0.07,0.1,0.02,0.02,0.13,0.03,0.0,0.0,0.0
262,155,132,A,2.4976545745909347,0.08800000000000001,0.93,1.0,0.0,0.02,0.02,0.01,0.03,0.01,0.06,0.03,0.02,0.0,0.06,0.06,0.01,0.01,0.13,0.09,0.15,0.0,0.05
264,156,133,N,4.032483493707337,0.44700000000000006,0.94,0.74,0.08,0.57,0.84,0.14,0.73,0.21,0.24,0.82,0.36,0.11,1.0,0.27,0.49,0.41,0.7,0.56,0.28,0.08,0.31
266,157,134,G,3.8251193781917934,0.4035,0.94,0.59,0.04,0.73,0.86,0.04,0.9,0.14,0.14,0.73,0.23,0.08,0.53,0.24,0.44,1.0,0.62,0.48,0.23,0.01,0.04
268,158,135,Q,3.576538186999075,0.257,0.94,0.32,0.01,0.3,0.43,0.01,1.0,0.06,0.05,0.25,0.08,0.03,0.96,0.17,0.54,0.19,0.26,0.2,0.07,0.0,0.21
270,159,136,P,2.4922110397201243,0.094,0.93,0.16,0.01,0.03,0.02,0.01,0.11,0.0,0.0,0.05,0.02,0.0,0.07,1.0,0.18,0.01,0.15,0.05,0.01,0.0,0.0
272,160,137,W,2.6948672199532546,0.09200000000000001,0.99,0.09,0.01,0.01,0.01,0.12,0.05,0.02,0.01,0.01,0.08,0.01,0.01,0.07,0.04,0.03,0.06,0.01,0.08,1.0,0.12
274,161,138,T,2.282878738063554,0.10900000000000001,0.99,0.15,0.0,0.01,0.0,0.0,0.04,0.0,0.4,0.01,0.01,0.0,0.01,0.03,0.0,0.0,0.33,1.0,0.19,0.0,0.0
276,162,139,S,2.5816480104735513,0.09200000000000001,0.99,0.19,0.05,0.01,0.01,0.05,0.17,0.01,0.01,0.08,0.01,0.02,0.02,0.02,0.04,0.01,1.0,0.08,0.03,0.0,0.03
278,163,140,I,1.7981060661772297,0.08850000000000001,0.99,0.4,0.0,0.0,0.0,0.02,0.01,0.0,1.0,0.0,0.08,0.01,0.0,0.0,0.0,0.0,0.0,0.0,0.21,0.0,0.04
280,164,141,A,1.897214222779609,0.082,0.99,1.0,0.0,0.05,0.0,0.03,0.1,0.0,0.0,0.0,0.0,0.0,0.01,0.01,0.0,0.01,0.24,0.02,0.17,0.0,0.0
282,165,142,E,1.7306111086053881,0.0785,0.99,0.05,0.0,0.31,1.0,0.02,0.0,0.0,0.0,0.02,0.01,0.0,0.1,0.0,0.01,0.0,0.03,0.02,0.0,0.0,0.0
284,166,143,I,1.8009415444269832,0.1015,0.99,0.0,0.0,0.0,0.0,0.16,0.0,0.01,0.68,0.0,1.0,0.04,0.0,0.0,0.0,0.0,0.0,0.0,0.09,0.0,0.05
286,167,144,N,3.620348831447939,0.202,0.99,0.3,0.01,0.23,0.28,0.03,0.2,0.07,0.07,0.33,0.14,0.02,1.0,0.06,0.3,0.4,0.27,0.19,0.13,0.0,0.01
288,168,145,V,1.9592793261191042,0.1085,0.99,0.07,0.0,0.0,0.0,0.07,0.01,0.0,0.53,0.0,0.44,0.0,0.0,0.0,0.0,0.0,0.0,0.05,1.0,0.0,0.0
290,169,146,F,2.625000214383982,0.11300000000000002,0.99,0.06,0.01,0.01,0.01,0.41,0.01,0.02,0.03,0.01,0.19,0.01,0.01,0.01,0.01,0.03,0.31,0.01,0.03,0.08,1.0
292,170,147,Q,3.695590102878038,0.3204999999999999,0.99,0.86,0.02,0.37,0.64,0.06,1.0,0.06,0.12,0.57,0.14,0.04,0.36,0.09,0.55,0.22,0.47,0.6,0.22,0.01,0.01
294,171,148,A,3.8178253688946127,0.2725,0.99,1.0,0.03,0.34,0.38,0.05,0.3,0.07,0.13,0.35,0.13,0.05,0.24,0.68,0.22,0.2,0.32,0.59,0.2,0.01,0.16
296,172,149,S,3.85888023972808,0.4175,0.98,1.0,0.05,0.66,0.91,0.04,0.45,0.1,0.16,0.88,0.44,0.09,0.55,0.33,0.57,0.46,0.77,0.57,0.28,0.01,0.03
298,173,150,S,4.163927232618026,0.5584999999999999,0.8,0.92,0.14,0.65,1.0,0.43,0.5,0.4,0.37,0.95,0.61,0.21,0.59,0.35,0.66,0.63,0.85,0.7,0.51,0.11,0.59
300,174,151,Y,4.11783509413782,0.3505,0.79,0.48,0.14,0.17,0.24,0.64,0.3,0.42,0.4,0.23,0.52,0.17,0.25,0.2,0.24,0.27,0.33,0.42,0.45,0.14,1.0
302,175,152,T,3.9168668067136467,0.48699999999999993,0.76,1.0,0.05,0.6,0.97,0.05,0.36,0.12,0.5,0.95,0.43,0.11,0.5,0.67,0.65,0.5,0.84,0.94,0.44,0.02,0.04
304,176,153,A,2.2392609774897902,0.0945,0.78,0.34,0.0,0.02,0.06,0.0,0.0,0.0,0.02,0.02,0.0,0.0,0.02,1.0,0.07,0.01,0.09,0.21,0.03,0.0,0.0
306,177,154,P,3.6650673398727958,0.23699999999999996,0.95,0.42,0.01,0.41,0.3,0.01,0.1,0.11,0.07,0.32,0.07,0.03,0.37,1.0,0.32,0.33,0.42,0.18,0.26,0.0,0.01
308,178,155,Q,3.933973179022041,0.4505,0.96,0.75,0.05,0.93,0.96,0.08,0.32,0.13,0.21,0.81,0.33,0.09,0.48,1.0,0.77,0.43,0.57,0.5,0.32,0.02,0.26
310,179,156,P,2.654010674347028,0.13699999999999996,0.99,0.72,0.0,0.01,0.05,0.01,0.1,0.0,0.0,0.12,0.01,0.0,0.15,1.0,0.07,0.03,0.31,0.15,0.01,0.0,0.0
312,180,157,G,3.6761992043344787,0.322,1.0,0.67,0.02,0.23,0.45,0.02,1.0,0.04,0.1,0.56,0.12,0.07,0.55,0.13,0.33,0.24,0.92,0.44,0.53,0.01,0.01
314,181,158,L,4.213157462471276,0.5645,1.0,0.81,0.19,0.45,0.67,0.71,0.49,0.61,0.46,0.7,0.86,0.26,0.53,0.31,0.54,0.56,0.7,0.62,0.63,0.19,1.0
316,182,159,G,0.08013604733127526,0.0505,1.0,0.0,0.0,0.0,0.0,0.0,1.0,0.0,0.0,0.0,0.0,0.0,0.0,0.0,0.0,0.0,0.01,0.0,0.0,0.0,0.0
318,183,160,R,3.80384609236824,0.39599999999999996,0.99,0.99,0.04,0.39,0.68,0.05,0.24,0.08,0.23,1.0,0.37,0.08,0.31,0.17,0.59,0.71,0.92,0.45,0.58,0.01,0.03
320,184,161,W,0.08013604733127526,0.0505,0.99,0.0,0.0,0.0,0.0,0.01,0.0,0.0,0.0,0.0,0.0,0.0,0.0,0.0,0.0,0.0,0.0,0.0,0.0,1.0,0.0
322,185,162,G,1.1012148832681121,0.062,0.99,0.01,0.0,0.03,0.05,0.0,1.0,0.0,0.0,0.0,0.02,0.0,0.0,0.0,0.0,0.0,0.12,0.0,0.01,0.0,0.0
324,186,163,P,2.2159056842199267,0.0795,0.99,0.11,0.0,0.01,0.08,0.0,0.01,0.02,0.02,0.05,0.03,0.03,0.03,1.0,0.02,0.13,0.02,0.01,0.02,0.0,0.0
326,187,164,T,1.6374779183921435,0.07400000000000001,0.99,0.01,0.0,0.0,0.0,0.0,0.0,0.0,0.2,0.0,0.06,0.03,0.0,0.06,0.0,0.0,0.01,1.0,0.11,0.0,0.0
328,188,165,I,1.8705720038429852,0.08850000000000001,0.99,0.01,0.0,0.0,0.0,0.0,0.0,0.0,1.0,0.05,0.37,0.0,0.01,0.0,0.04,0.0,0.0,0.1,0.19,0.0,0.0
330,189,166,D,2.3262777245494854,0.10250000000000001,0.99,0.01,0.0,1.0,0.1,0.0,0.36,0.0,0.0,0.05,0.01,0.0,0.33,0.04,0.04,0.01,0.04,0.05,0.01,0.0,0.0
332,190,167,L,1.2713035521654326,0.07500000000000001,0.99,0.0,0.01,0.0,0.0,1.0,0.0,0.0,0.0,0.0,0.4,0.05,0.0,0.0,0.0,0.0,0.0,0.03,0.0,0.0,0.01
334,191,168,P,0.1392329990550989,0.051000000000000004,0.99,0.0,0.0,0.02,0.0,0.0,0.0,0.0,0.0,0.0,0.0,0.0,0.0,1.0,0.0,0.0,0.0,0.0,0.0,0.0,0.0
336,192,169,I,2.0354956798172577,0.1295,1.0,0.0,0.0,0.0,0.0,0.0,0.0,0.0,1.0,0.0,0.78,0.04,0.0,0.0,0.1,0.0,0.0,0.16,0.51,0.0,0.0
338,193,170,V,1.1903827707222516,0.06799999999999999,1.0,0.0,0.0,0.0,0.0,0.0,0.0,0.0,0.22,0.0,0.0,0.0,0.08,0.0,0.0,0.0,0.0,0.06,1.0,0.0,0.0
340,194,171,P,0.7249389976982494,0.05850000000000001,1.0,0.12,0.0,0.0,0.0,0.0,0.0,0.0,0.0,0.0,0.0,0.0,0.0,1.0,0.0,0.0,0.0,0.05,0.0,0.0,0.0
342,195,172,A,1.3421461847621268,0.06999999999999999,1.0,0.24,0.0,0.0,0.0,0.0,0.0,0.0,0.06,0.0,0.06,0.0,0.0,0.0,0.0,0.0,0.03,0.01,1.0,0.0,0.0
344,196,173,A,1.5105437980685223,0.07400000000000001,1.0,1.0,0.0,0.0,0.07,0.0,0.06,0.06,0.0,0.0,0.0,0.0,0.0,0.0,0.0,0.0,0.27,0.01,0.01,0.0,0.0
346,197,174,A,2.120940026049459,0.1255,1.0,1.0,0.04,0.0,0.0,0.0,0.8,0.0,0.0,0.0,0.02,0.0,0.0,0.01,0.0,0.0,0.18,0.32,0.14,0.0,0.0
348,198,175,A,1.9186226029316595,0.07500000000000002,1.0,1.0,0.0,0.0,0.0,0.05,0.0,0.01,0.07,0.0,0.01,0.04,0.0,0.0,0.0,0.0,0.11,0.1,0.05,0.02,0.04
350,199,176,I,2.5831851669394665,0.11000000000000001,1.0,0.12,0.01,0.0,0.01,0.01,0.0,0.08,0.26,0.01,0.32,0.03,0.06,0.01,0.22,0.0,0.01,0.05,1.0,0.0,0.0
352,200,177,E,3.8859119223190155,0.39049999999999996,1.0,0.72,0.05,0.62,1.0,0.05,0.36,0.12,0.18,0.88,0.33,0.1,0.48,0.26,0.56,0.5,0.7,0.56,0.28,0.02,0.04
354,201,178,P,2.7787887590176776,0.09450000000000001,1.0,0.15,0.01,0.01,0.01,0.06,0.06,0.05,0.01,0.03,0.02,0.01,0.1,1.0,0.08,0.1,0.04,0.05,0.02,0.01,0.07
356,202,179,T,4.210899989894384,0.6180000000000001,0.52,0.89,0.2,0.51,0.79,0.73,0.56,0.6,0.53,0.74,0.91,0.27,0.6,0.33,0.56,0.58,0.83,0.82,0.72,0.19,1.0
358,203,180,S,2.9748145291177686,0.175,1.0,0.04,0.0,0.28,0.05,0.0,0.39,0.16,0.01,0.09,0.01,0.01,0.55,0.02,0.05,0.05,1.0,0.71,0.07,0.0,0.01
360,204,181,G,1.5478382537862907,0.07400000000000001,1.0,0.0,0.0,0.12,0.0,0.0,1.0,0.04,0.0,0.0,0.0,0.0,0.22,0.0,0.03,0.0,0.07,0.0,0.0,0.0,0.0
362,205,182,R,2.853424987494441,0.1145,1.0,0.05,0.0,0.14,0.12,0.0,0.03,0.02,0.01,1.0,0.1,0.06,0.34,0.01,0.15,0.16,0.05,0.03,0.02,0.0,0.0
364,206,183,V,1.612499136779497,0.097,0.99,0.0,0.0,0.0,0.0,0.04,0.0,0.0,0.37,0.0,0.52,0.01,0.0,0.0,0.0,0.0,0.0,0.0,1.0,0.0,0.0
366,207,184,L,1.9433679040169187,0.098,0.99,0.07,0.0,0.0,0.0,0.0,0.0,0.0,0.28,0.0,1.0,0.06,0.0,0.0,0.0,0.0,0.0,0.05,0.47,0.03,0.0
368,208,185,M,2.886209038208199,0.21200000000000002,1.0,0.61,0.0,0.0,0.0,0.17,0.08,0.0,0.67,0.01,0.63,0.49,0.0,0.0,0.0,0.0,0.08,0.49,1.0,0.0,0.01
370,209,186,W,0.8099356138311076,0.0595,1.0,0.0,0.0,0.0,0.0,0.13,0.0,0.0,0.0,0.0,0.0,0.0,0.0,0.0,0.0,0.0,0.0,0.0,0.05,1.0,0.01
372,210,187,S,0.7249389976982493,0.058499999999999996,1.0,0.12,0.0,0.05,0.0,0.0,0.0,0.0,0.0,0.0,0.0,0.0,0.0,0.0,0.0,0.0,1.0,0.0,0.0,0.0,0.0
374,211,188,S,1.4280222478241231,0.1085,1.0,1.0,0.0,0.0,0.0,0.0,0.09,0.0,0.0,0.0,0.0,0.0,0.0,0.0,0.0,0.1,0.98,0.0,0.0,0.0,0.0
376,212,189,Y,2.607797369352332,0.1265,1.0,0.12,0.01,0.07,0.01,0.19,0.07,0.02,0.01,0.05,0.02,0.01,0.02,0.01,0.01,0.01,0.11,0.01,0.02,0.76,1.0
378,213,190,R,3.3974466382626862,0.1665,0.99,1.0,0.01,0.09,0.16,0.01,0.27,0.02,0.03,0.14,0.06,0.05,0.09,0.04,0.14,0.47,0.29,0.33,0.04,0.03,0.06
380,214,191,N,3.9480209275274687,0.417,0.99,0.77,0.06,0.63,1.0,0.09,0.39,0.15,0.21,0.93,0.33,0.12,0.5,0.28,0.59,0.53,0.74,0.58,0.31,0.03,0.1
382,215,192,D,1.4323978163848239,0.068,1.0,0.0,0.0,1.0,0.02,0.03,0.0,0.03,0.0,0.01,0.03,0.0,0.2,0.0,0.0,0.01,0.01,0.02,0.0,0.0,0.0
384,216,193,A,3.7483290687872732,0.32149999999999995,1.0,0.65,0.03,0.42,0.49,0.02,0.24,0.07,0.13,0.45,0.19,0.08,0.61,0.13,1.0,0.68,0.43,0.63,0.15,0.01,0.02
386,217,194,F,1.6476834771047306,0.07900000000000001,1.0,0.0,0.0,0.06,0.0,1.0,0.0,0.0,0.0,0.0,0.01,0.07,0.0,0.07,0.0,0.0,0.0,0.0,0.0,0.04,0.33
388,218,195,E,4.213451175645359,0.6485,0.99,0.89,0.2,0.55,0.82,0.82,0.83,0.68,0.48,0.78,0.92,0.27,0.62,0.36,0.67,0.62,0.84,0.75,0.68,0.19,1.0
390,219,196,G,2.3456291689114868,0.0955,0.99,0.23,0.0,0.01,0.01,0.0,1.0,0.04,0.03,0.14,0.0,0.0,0.07,0.02,0.04,0.02,0.27,0.03,0.0,0.0,0.0
392,220,197,S,3.048482455014992,0.1565,0.99,0.16,0.01,0.21,0.11,0.0,0.58,0.01,0.12,0.08,0.05,0.01,0.11,0.02,0.09,0.04,1.0,0.5,0.03,0.0,0.0
394,221,198,P,2.640514880231616,0.0955,0.68,0.03,0.0,0.02,0.05,0.0,0.06,0.04,0.01,0.06,0.04,0.02,0.16,1.0,0.05,0.02,0.19,0.13,0.03,0.0,0.0
396,222,199,G,3.313432890300804,0.129,0.99,0.06,0.01,0.14,0.04,0.07,1.0,0.1,0.03,0.04,0.11,0.01,0.32,0.04,0.08,0.11,0.1,0.13,0.03,0.04,0.12
398,223,200,G,1.409077604809355,0.0655,0.99,0.02,0.0,0.09,0.06,0.03,1.0,0.0,0.0,0.05,0.0,0.0,0.0,0.0,0.0,0.0,0.04,0.02,0.0,0.0,0.0
400,224,201,I,4.150662513812013,0.387,0.99,0.48,0.17,0.19,0.26,0.68,0.31,0.51,0.38,0.34,0.64,0.21,0.3,0.19,0.31,0.35,0.39,0.37,0.49,0.17,1.0
402,225,202,T,0.5962232800369568,0.05600000000000001,1.0,0.0,0.0,0.0,0.0,0.0,0.0,0.0,0.0,0.0,0.0,0.0,0.0,0.0,0.0,0.0,0.0,1.0,0.07,0.0,0.05
404,226,203,L,4.156352100381256,0.39699999999999996,1.0,0.51,0.18,0.21,0.27,0.71,0.33,0.54,0.39,0.29,0.65,0.22,0.31,0.2,0.3,0.35,0.4,0.39,0.5,0.19,1.0
406,227,204,T,1.1063865327038453,0.0625,1.0,0.0,0.0,0.0,0.0,0.03,0.06,0.0,0.0,0.0,0.0,0.12,0.0,0.0,0.0,0.0,0.03,1.0,0.01,0.0,0.0
408,228,205,S,2.0052027292469217,0.1065,1.0,1.0,0.0,0.0,0.0,0.0,0.04,0.0,0.01,0.0,0.0,0.04,0.0,0.0,0.04,0.1,0.63,0.26,0.01,0.0,0.0
410,229,206,S,3.398978552136907,0.23499999999999993,1.0,0.38,0.08,0.03,0.07,0.12,0.02,0.04,0.88,0.07,0.68,0.18,0.04,0.09,0.07,0.15,0.11,0.61,1.0,0.02,0.06
412,230,207,W,1.8451931378214161,0.088,1.0,0.0,0.0,0.0,0.0,0.07,0.0,0.0,0.0,0.0,0.15,0.19,0.0,0.0,0.0,0.0,0.0,0.0,0.03,1.0,0.32
414,231,208,D,1.2549753739197136,0.074,1.0,0.0,0.0,1.0,0.02,0.0,0.0,0.01,0.0,0.01,0.0,0.0,0.4,0.0,0.0,0.0,0.02,0.01,0.01,0.0,0.0
416,232,209,P,3.678677583142733,0.184,0.96,0.13,0.05,0.05,0.07,0.2,0.09,0.17,0.18,0.07,0.59,0.13,0.08,1.0,0.08,0.09,0.11,0.12,0.16,0.06,0.25
418,233,210,S,3.8891974348171963,0.4045000000000001,1.0,0.84,0.05,0.59,0.89,0.06,0.37,0.11,0.2,1.0,0.32,0.09,0.5,0.24,0.52,0.5,0.74,0.66,0.32,0.02,0.07
420,234,211,T,2.048737298562913,0.0805,1.0,0.03,0.0,0.12,0.04,0.0,0.02,0.0,0.0,0.15,0.03,0.0,0.05,0.0,0.01,0.01,0.14,1.0,0.01,0.0,0.0
422,235,212,G,2.198016798526759,0.08650000000000001,1.0,0.01,0.0,0.0,0.07,0.0,1.0,0.01,0.0,0.1,0.01,0.02,0.2,0.0,0.08,0.1,0.12,0.01,0.0,0.0,0.0
424,236,213,I,3.84522991587781,0.3945,1.0,0.72,0.04,0.6,1.0,0.03,0.31,0.09,0.36,0.84,0.27,0.07,0.41,0.19,0.59,0.4,0.68,0.78,0.47,0.01,0.03
426,237,214,V,1.3110210717105972,0.076,1.0,0.03,0.0,0.0,0.0,0.0,0.0,0.0,0.41,0.0,0.01,0.02,0.0,0.0,0.0,0.0,0.05,0.0,1.0,0.0,0.0
428,238,215,S,2.6310227465879,0.13699999999999998,1.0,0.15,0.0,0.03,0.11,0.05,0.01,0.01,0.02,0.12,0.01,0.01,0.01,0.01,0.06,0.13,0.9,1.0,0.07,0.0,0.04
430,239,216,D,2.846281902106405,0.1255,1.0,0.03,0.0,0.14,0.22,0.0,0.03,0.05,0.01,0.32,0.01,0.0,0.13,0.33,1.0,0.07,0.14,0.02,0.01,0.0,0.0
432,240,217,R,2.756033891772359,0.09600000000000002,0.99,0.13,0.01,0.02,0.02,0.08,0.01,0.02,0.01,0.12,0.13,0.01,0.03,0.01,0.04,1.0,0.1,0.11,0.03,0.01,0.03
434,241,218,T,3.8845880338774745,0.417,0.99,0.66,0.05,0.56,1.0,0.04,0.32,0.13,0.27,0.81,0.34,0.12,0.62,0.23,0.59,0.71,0.74,0.79,0.32,0.01,0.03
436,242,219,V,0.7748373926902447,0.0615,0.99,0.0,0.0,0.0,0.0,0.0,0.0,0.0,0.21,0.0,0.0,0.0,0.0,0.0,0.0,0.02,0.0,0.0,1.0,0.0,0.0
438,243,220,T,3.736419262520963,0.23399999999999999,1.0,0.35,0.03,0.64,0.27,0.16,0.1,0.08,0.07,0.18,0.23,0.04,0.2,0.07,0.24,0.12,0.55,1.0,0.2,0.02,0.13
440,244,221,V,2.7257676556675627,0.11500000000000002,1.0,0.04,0.0,0.23,0.42,0.0,0.02,0.01,0.01,0.05,0.02,0.0,1.0,0.09,0.1,0.02,0.08,0.11,0.1,0.0,0.0
442,245,222,T,0.5962232800369568,0.05600000000000001,0.99,0.0,0.0,0.0,0.0,0.0,0.0,0.0,0.05,0.0,0.0,0.0,0.07,0.0,0.0,0.0,0.0,1.0,0.0,0.0,0.0
444,246,223,K,3.8466620290683866,0.38099999999999995,0.99,0.45,0.03,0.6,0.71,0.03,0.84,0.56,0.11,1.0,0.17,0.06,0.65,0.28,0.67,0.43,0.43,0.35,0.16,0.01,0.08
446,247,224,H,0.23519338181924165,0.052000000000000005,0.99,0.0,0.0,0.0,0.0,0.0,0.0,1.0,0.0,0.0,0.0,0.0,0.0,0.0,0.0,0.0,0.04,0.0,0.0,0.0,0.0
448,248,225,D,0.0,0.05,1.0,0.0,0.0,1.0,0.0,0.0,0.0,0.0,0.0,0.0,0.0,0.0,0.0,0.0,0.0,0.0,0.0,0.0,0.0,0.0,0.0
450,249,226,M,0.5304060778306042,0.05500000000000001,1.0,0.0,0.0,0.0,0.0,0.0,0.0,0.0,0.0,0.0,0.05,1.0,0.0,0.0,0.0,0.0,0.05,0.0,0.0,0.0,0.0
452,250,227,F,0.0,0.05,1.0,0.0,0.0,0.0,0.0,1.0,0.0,0.0,0.0,0.0,0.0,0.0,0.0,0.0,0.0,0.0,0.0,0.0,0.0,0.0,0.0
454,251,228,C,0.0,0.05,0.99,0.0,1.0,0.0,0.0,0.0,0.0,0.0,0.0,0.0,0.0,0.0,0.0,0.0,0.0,0.0,0.0,0.0,0.0,0.0,0.0
456,252,229,P,0.7966475905528048,0.05800000000000001,1.0,0.06,0.0,0.0,0.0,0.0,0.0,0.0,0.0,0.0,0.0,0.0,0.0,1.0,0.0,0.0,0.05,0.05,0.0,0.0,0.0
458,253,230,G,0.2761954276479391,0.052500000000000005,1.0,0.0,0.0,0.0,0.0,0.0,1.0,0.0,0.0,0.0,0.0,0.0,0.0,0.0,0.0,0.0,0.05,0.0,0.0,0.0,0.0
460,254,231,I,2.420122878983188,0.089,1.0,0.01,0.01,0.0,0.01,0.01,0.08,0.07,1.0,0.01,0.06,0.15,0.01,0.01,0.01,0.01,0.06,0.21,0.04,0.0,0.02
462,255,232,S,1.4046905611740363,0.07350000000000001,1.0,0.28,0.01,0.0,0.0,0.0,0.0,0.0,0.0,0.0,0.0,0.0,0.07,0.0,0.0,0.0,1.0,0.1,0.01,0.0,0.0
464,256,233,M,2.98587019264567,0.15599999999999997,1.0,0.05,0.01,0.01,0.01,0.09,0.01,0.08,0.57,0.01,0.63,1.0,0.09,0.01,0.14,0.01,0.01,0.11,0.08,0.04,0.16
466,257,234,D,3.4960300387257885,0.18949999999999995,1.0,0.13,0.03,1.0,0.16,0.03,0.39,0.11,0.03,0.15,0.33,0.03,0.61,0.09,0.1,0.08,0.29,0.13,0.03,0.01,0.06
468,258,235,G,3.844335938931299,0.27949999999999997,1.0,0.96,0.03,0.28,0.38,0.35,1.0,0.11,0.17,0.29,0.15,0.11,0.16,0.25,0.22,0.17,0.41,0.21,0.22,0.02,0.1
470,259,236,N,2.521446169609846,0.14499999999999996,1.0,0.04,0.0,1.0,0.18,0.0,0.01,0.02,0.0,0.1,0.01,0.0,0.89,0.01,0.06,0.06,0.11,0.4,0.01,0.0,0.0
472,260,237,G,0.15884084219235375,0.051000000000000004,1.0,0.0,0.0,0.0,0.0,0.0,1.0,0.0,0.0,0.0,0.0,0.0,0.01,0.0,0.0,0.0,0.01,0.0,0.0,0.0,0.0
474,261,238,Q,3.063832526552448,0.14150000000000001,1.0,0.03,0.0,0.08,0.14,0.0,0.02,0.05,0.01,0.17,0.02,0.2,0.3,0.01,0.49,1.0,0.08,0.14,0.06,0.0,0.03
476,262,239,I,2.2527033973955577,0.16749999999999998,1.0,0.05,0.0,0.0,0.0,0.04,0.0,0.0,1.0,0.0,0.54,0.64,0.0,0.03,0.0,0.0,0.0,0.06,0.99,0.0,0.0
478,263,240,V,1.8010906281142913,0.101,1.0,0.0,0.0,0.0,0.0,0.03,0.0,0.02,0.4,0.0,0.49,0.08,0.0,0.0,0.0,0.0,0.0,0.0,1.0,0.0,0.0
480,264,241,V,0.8144311234557432,0.059,1.0,0.02,0.0,0.0,0.0,0.0,0.0,0.0,0.11,0.0,0.0,0.0,0.0,0.0,0.0,0.0,0.05,0.0,1.0,0.0,0.0
482,265,242,T,1.3726194109984906,0.06799999999999999,1.0,0.06,0.0,0.0,0.0,0.0,0.0,0.0,0.0,0.0,0.01,0.06,0.03,0.0,0.0,0.0,0.18,1.0,0.02,0.0,0.0
484,266,243,G,0.0,0.05,1.0,0.0,0.0,0.0,0.0,0.0,1.0,0.0,0.0,0.0,0.0,0.0,0.0,0.0,0.0,0.0,0.0,0.0,0.0,0.0,0.0
486,267,244,G,0.0,0.05,1.0,0.0,0.0,0.0,0.0,0.0,1.0,0.0,0.0,0.0,0.0,0.0,0.0,0.0,0.0,0.0,0.0,0.0,0.0,0.0,0.0
488,268,245,N,2.0395326252205215,0.10200000000000001,1.0,0.17,0.0,0.05,0.02,0.0,0.05,0.0,0.0,0.01,0.0,0.0,1.0,0.0,0.0,0.0,0.53,0.2,0.01,0.0,0.0
490,269,246,D,2.2073266500108155,0.124,1.0,0.01,0.0,1.0,0.01,0.0,0.01,0.0,0.0,0.1,0.0,0.0,0.68,0.11,0.0,0.0,0.39,0.17,0.0,0.0,0.0
492,270,247,A,2.306874717004678,0.09050000000000001,1.0,1.0,0.0,0.15,0.09,0.0,0.04,0.01,0.0,0.06,0.01,0.0,0.13,0.02,0.03,0.01,0.24,0.01,0.01,0.0,0.0
494,271,248,K,3.6260594772355046,0.3434999999999999,1.0,0.74,0.02,0.42,1.0,0.02,0.4,0.05,0.07,0.9,0.17,0.04,0.22,0.22,0.84,0.34,0.94,0.3,0.11,0.01,0.06
496,272,249,K,2.3172367403251384,0.1045,1.0,0.14,0.0,0.01,0.11,0.0,0.0,0.0,0.04,1.0,0.0,0.03,0.03,0.02,0.13,0.52,0.03,0.01,0.02,0.0,0.0
498,273,250,T,1.440093380207331,0.072,1.0,0.24,0.0,0.0,0.0,0.0,0.0,0.0,0.07,0.0,0.06,0.0,0.0,0.0,0.0,0.0,0.01,1.0,0.06,0.0,0.0
500,274,251,S,1.1069418440964067,0.066,1.0,0.05,0.0,0.0,0.0,0.0,0.0,0.0,0.0,0.0,0.0,0.0,0.0,0.0,0.0,0.06,1.0,0.21,0.0,0.0,0.0
502,275,252,L,1.7309322598042285,0.0885,1.0,0.03,0.0,0.0,0.0,0.03,0.0,0.0,1.0,0.02,0.5,0.0,0.01,0.0,0.0,0.02,0.0,0.02,0.14,0.0,0.0
504,276,253,Y,1.1360405040835708,0.07050000000000001,1.0,0.0,0.0,0.0,0.0,0.31,0.0,0.0,0.0,0.0,0.09,0.0,0.0,0.0,0.0,0.0,0.0,0.0,0.0,0.01,1.0
506,277,254,D,1.768602971732134,0.08100000000000002,1.0,0.0,0.0,1.0,0.09,0.0,0.02,0.0,0.0,0.03,0.0,0.03,0.36,0.0,0.02,0.0,0.04,0.02,0.01,0.0,0.0
508,278,255,S,2.4214059113605937,0.09150000000000001,0.91,0.08,0.0,0.0,0.01,0.13,0.05,0.01,0.03,0.01,0.02,0.03,0.01,1.0,0.03,0.01,0.28,0.09,0.01,0.0,0.03
510,279,256,S,3.6337501754187036,0.24149999999999996,0.84,1.0,0.01,0.15,0.39,0.22,0.18,0.03,0.05,0.3,0.12,0.03,0.14,0.2,0.17,0.24,0.69,0.36,0.54,0.0,0.01
512,280,257,S,3.4901684314690162,0.25449999999999995,1.0,0.52,0.01,0.32,0.3,0.01,0.56,0.03,0.05,0.36,0.1,0.03,0.34,0.07,0.23,0.13,0.88,1.0,0.14,0.0,0.01
514,281,258,D,2.8109295380704022,0.11949999999999998,1.0,0.08,0.0,1.0,0.19,0.0,0.29,0.0,0.01,0.05,0.01,0.0,0.2,0.01,0.22,0.09,0.09,0.14,0.01,0.0,0.0
516,282,259,S,3.720059203548367,0.3715,1.0,1.0,0.03,0.42,0.82,0.02,0.48,0.1,0.09,0.76,0.18,0.07,0.4,0.16,0.52,0.35,0.85,0.92,0.23,0.01,0.02
518,283,260,W,0.5304060778306042,0.05500000000000001,1.0,0.0,0.05,0.0,0.0,0.0,0.0,0.0,0.0,0.0,0.0,0.0,0.0,0.0,0.0,0.0,0.0,0.0,0.0,1.0,0.05
520,284,261,I,3.870983047716637,0.3395,1.0,0.29,0.08,0.09,0.33,0.42,0.14,0.33,0.91,0.13,0.34,0.13,0.2,0.09,0.13,0.15,0.68,1.0,0.81,0.08,0.46
522,285,262,P,3.0089018294810073,0.22400000000000003,1.0,0.95,0.0,0.05,0.19,0.0,0.12,0.01,0.03,0.58,0.02,0.01,0.03,1.0,0.04,0.44,0.8,0.15,0.02,0.0,0.04
524,286,263,G,2.258695852361018,0.1095,1.0,0.52,0.0,0.01,0.01,0.0,1.0,0.0,0.0,0.04,0.03,0.0,0.01,0.01,0.02,0.03,0.07,0.35,0.09,0.0,0.0
526,287,264,P,2.928024638037898,0.1335,1.0,0.48,0.0,0.2,0.09,0.0,0.12,0.0,0.01,0.08,0.01,0.0,0.07,1.0,0.03,0.02,0.2,0.22,0.12,0.0,0.02
528,288,265,D,3.281518445035838,0.154,1.0,0.24,0.0,1.0,0.29,0.0,0.07,0.14,0.04,0.07,0.02,0.06,0.35,0.22,0.11,0.05,0.28,0.09,0.05,0.0,0.0
530,289,266,M,0.509687038184826,0.05550000000000001,1.0,0.0,0.0,0.0,0.0,0.0,0.0,0.0,0.0,0.0,0.1,1.0,0.0,0.0,0.0,0.0,0.0,0.01,0.0,0.0,0.0
532,290,267,Q,3.7864370658642446,0.2995,1.0,0.4,0.02,0.27,0.44,0.03,0.17,0.25,0.11,0.84,0.28,0.05,1.0,0.12,0.58,0.37,0.38,0.39,0.24,0.01,0.04
534,291,268,V,2.626236507749899,0.129,1.0,0.03,0.01,0.0,0.2,0.02,0.0,0.0,1.0,0.01,0.4,0.11,0.0,0.01,0.08,0.04,0.01,0.11,0.54,0.0,0.01
536,292,269,A,3.6743566893636532,0.23049999999999998,1.0,1.0,0.02,0.27,0.48,0.03,0.28,0.13,0.06,0.31,0.1,0.03,0.16,0.54,0.2,0.33,0.35,0.21,0.09,0.01,0.01
538,293,270,R,0.0,0.05,1.0,0.0,0.0,0.0,0.0,0.0,0.0,0.0,0.0,0.0,0.0,0.0,0.0,0.0,0.0,1.0,0.0,0.0,0.0,0.0,0.0
540,294,271,G,0.5781599980163832,0.05600000000000001,1.0,0.03,0.0,0.0,0.0,0.0,1.0,0.0,0.0,0.0,0.0,0.0,0.0,0.0,0.0,0.0,0.0,0.0,0.0,0.09,0.0
542,295,272,Y,0.0,0.05,1.0,0.0,0.0,0.0,0.0,0.0,0.0,0.0,0.0,0.0,0.0,0.0,0.0,0.0,0.0,0.0,0.0,0.0,0.0,0.0,1.0
544,296,273,Q,1.1888504938960687,0.067,1.0,0.0,0.0,0.0,0.0,0.0,0.0,0.18,0.0,0.01,0.01,0.0,0.0,0.13,1.0,0.01,0.0,0.0,0.0,0.0,0.0
546,297,274,S,1.59701868280561,0.11499999999999999,1.0,0.97,0.0,0.0,0.0,0.0,0.23,0.0,0.0,0.0,0.0,0.0,0.0,0.01,0.0,0.0,1.0,0.09,0.0,0.0,0.0
548,298,275,S,2.134077574445842,0.089,1.0,0.1,0.0,0.01,0.0,0.0,0.0,0.0,0.0,0.01,0.07,0.19,0.03,0.01,0.11,0.0,1.0,0.24,0.01,0.0,0.0
550,299,276,A,1.692097769486706,0.10149999999999999,1.0,0.63,0.07,0.0,0.0,0.0,0.0,0.0,0.0,0.0,0.0,0.0,0.0,0.0,0.0,0.0,0.03,1.0,0.3,0.0,0.0
552,300,277,T,1.5986379561833388,0.07100000000000001,1.0,0.01,0.0,0.01,0.0,0.0,0.0,0.0,0.07,0.01,0.19,0.0,0.01,0.01,0.0,0.06,0.04,1.0,0.01,0.0,0.0
554,301,278,M,1.9837012072030313,0.087,1.0,0.01,0.22,0.0,0.0,0.0,0.0,0.0,0.13,0.0,1.0,0.1,0.01,0.0,0.0,0.0,0.0,0.2,0.07,0.0,0.0
556,302,279,S,1.204144043493465,0.064,1.0,0.1,0.0,0.01,0.0,0.06,0.08,0.0,0.0,0.0,0.0,0.0,0.0,0.03,0.0,0.0,1.0,0.0,0.0,0.0,0.0
558,303,280,D,1.5701220786683356,0.0775,1.0,0.0,0.0,1.0,0.03,0.0,0.03,0.0,0.0,0.0,0.0,0.0,0.2,0.0,0.0,0.0,0.04,0.25,0.0,0.0,0.0
560,304,281,G,0.0,0.05,1.0,0.0,0.0,0.0,0.0,0.0,1.0,0.0,0.0,0.0,0.0,0.0,0.0,0.0,0.0,0.0,0.0,0.0,0.0,0.0,0.0
562,305,282,R,2.0756247538336745,0.093,1.0,0.0,0.0,0.11,0.23,0.0,0.0,0.0,0.0,0.3,0.0,0.0,0.06,0.0,0.02,1.0,0.12,0.0,0.0,0.02,0.0
564,306,283,V,2.090291363404904,0.12450000000000001,1.0,0.37,0.0,0.0,0.0,0.0,0.05,0.0,0.8,0.0,0.12,0.09,0.0,0.0,0.0,0.0,0.0,0.06,1.0,0.0,0.0
566,307,284,F,0.5304060778306042,0.05500000000000001,1.0,0.0,0.0,0.0,0.0,1.0,0.0,0.0,0.0,0.0,0.05,0.05,0.0,0.0,0.0,0.0,0.0,0.0,0.0,0.0,0.0
568,308,285,T,2.4485332240100677,0.14200000000000002,1.0,0.26,0.01,0.0,0.05,0.0,0.0,0.0,0.22,0.01,0.11,0.01,0.09,0.01,0.01,0.0,0.13,1.0,0.93,0.0,0.0
570,309,286,I,1.0172719195408513,0.0655,1.0,0.0,0.0,0.0,0.0,0.0,0.0,0.0,1.0,0.0,0.19,0.0,0.0,0.0,0.0,0.0,0.0,0.0,0.12,0.0,0.0
572,310,287,G,0.23519338181924165,0.052000000000000005,1.0,0.0,0.0,0.0,0.0,0.0,1.0,0.0,0.0,0.0,0.0,0.0,0.0,0.0,0.0,0.0,0.04,0.0,0.0,0.0,0.0
574,311,288,G,0.0,0.05,1.0,0.0,0.0,0.0,0.0,0.0,1.0,0.0,0.0,0.0,0.0,0.0,0.0,0.0,0.0,0.0,0.0,0.0,0.0,0.0,0.0
576,312,289,S,0.4850679977223952,0.054000000000000006,1.0,0.01,0.03,0.0,0.0,0.0,0.0,0.0,0.0,0.0,0.04,0.0,0.0,0.0,0.0,0.0,1.0,0.0,0.0,0.0,0.0
578,313,290,F,1.1674703088910432,0.0625,1.0,0.0,0.0,0.05,0.0,0.09,0.01,0.06,0.0,0.0,0.0,0.0,0.01,0.0,0.0,0.0,0.0,0.0,0.0,1.0,0.03
580,314,291,S,1.929916719658189,0.07850000000000001,1.0,0.14,0.0,0.07,0.0,0.0,0.06,0.01,0.0,0.0,0.0,0.0,0.13,0.0,0.02,0.0,1.0,0.07,0.07,0.0,0.0
582,315,292,G,0.6255369273461511,0.05500000000000001,1.0,0.0,0.0,0.01,0.03,0.0,1.0,0.0,0.04,0.0,0.0,0.0,0.0,0.0,0.01,0.01,0.0,0.0,0.0,0.0,0.0
584,316,293,G,2.1694242348127495,0.08200000000000002,1.0,0.14,0.0,0.09,0.04,0.0,1.0,0.0,0.0,0.01,0.01,0.0,0.09,0.13,0.02,0.01,0.02,0.04,0.04,0.0,0.0
586,317,294,V,3.965655963038687,0.41200000000000003,0.99,0.75,0.05,0.58,1.0,0.08,0.35,0.16,0.27,0.78,0.29,0.11,0.48,0.28,0.62,0.6,0.8,0.56,0.32,0.06,0.1
588,318,295,F,4.175531625161898,0.44350000000000006,1.0,0.56,0.17,0.25,0.35,0.74,0.59,0.54,0.42,0.35,0.66,0.23,0.36,0.22,0.33,0.4,0.49,0.43,0.6,0.18,1.0
590,319,296,E,3.8581769735177307,0.3945,1.0,0.6,0.04,0.78,1.0,0.15,0.86,0.08,0.13,0.68,0.26,0.07,0.58,0.65,0.45,0.36,0.54,0.42,0.2,0.01,0.03
592,320,297,K,0.5962232800369568,0.05600000000000001,1.0,0.0,0.0,0.0,0.0,0.0,0.05,0.0,0.0,1.0,0.0,0.0,0.0,0.0,0.0,0.07,0.0,0.0,0.0,0.0,0.0
594,321,298,N,2.586572244430389,0.10550000000000001,1.0,0.13,0.0,0.46,0.01,0.02,0.05,0.06,0.03,0.09,0.01,0.0,1.0,0.02,0.03,0.01,0.07,0.08,0.02,0.0,0.02
596,322,299,G,0.7920607890386713,0.05800000000000001,1.0,0.07,0.0,0.0,0.0,0.0,1.0,0.0,0.0,0.0,0.0,0.0,0.05,0.0,0.0,0.0,0.04,0.0,0.0,0.0,0.0
598,323,300,E,0.0,0.05,1.0,0.0,0.0,0.0,1.0,0.0,0.0,0.0,0.0,0.0,0.0,0.0,0.0,0.0,0.0,0.0,0.0,0.0,0.0,0.0,0.0
600,324,301,V,1.5768574679710035,0.0875,1.0,0.01,0.0,0.0,0.0,0.08,0.0,0.0,0.55,0.01,0.07,0.0,0.0,0.0,0.0,0.0,0.0,0.01,1.0,0.0,0.02
602,325,302,Y,0.8534121946702471,0.0635,1.0,0.0,0.0,0.0,0.0,0.03,0.0,0.0,0.0,0.0,0.0,0.0,0.0,0.0,0.0,0.0,0.0,0.0,0.0,0.24,1.0
604,326,303,S,1.8570999479096557,0.0975,1.0,0.01,0.0,1.0,0.0,0.0,0.0,0.0,0.02,0.0,0.0,0.0,0.3,0.0,0.0,0.0,0.5,0.06,0.04,0.0,0.02
606,327,304,P,1.7245237746952067,0.07,0.99,0.07,0.0,0.0,0.03,0.02,0.0,0.02,0.05,0.0,0.03,0.0,0.0,1.0,0.0,0.0,0.04,0.06,0.08,0.0,0.0
608,328,305,S,3.8495481972546592,0.36499999999999994,0.99,0.86,0.04,0.61,0.78,0.04,0.32,0.09,0.19,1.0,0.22,0.08,0.39,0.2,0.47,0.45,0.67,0.51,0.29,0.04,0.05
610,329,306,S,2.661802200112746,0.128,0.99,0.6,0.0,0.02,0.04,0.0,0.07,0.02,0.02,0.26,0.07,0.0,0.11,0.01,0.02,0.04,0.26,1.0,0.02,0.0,0.0
612,330,307,K,3.47893017637901,0.24500000000000002,1.0,0.28,0.01,0.27,0.36,0.01,0.4,0.07,0.05,0.88,0.08,0.03,1.0,0.08,0.19,0.62,0.29,0.19,0.08,0.0,0.01
614,331,308,T,2.9437847537415442,0.12449999999999999,1.0,0.21,0.0,0.03,0.12,0.0,0.13,0.01,0.03,0.29,0.02,0.01,0.15,0.01,0.07,0.15,0.24,1.0,0.02,0.0,0.0
616,332,309,W,0.38730442582358243,0.053500000000000006,1.0,0.0,0.0,0.0,0.0,0.06,0.0,0.0,0.0,0.0,0.0,0.0,0.0,0.0,0.0,0.0,0.0,0.0,0.0,1.0,0.01
618,333,310,T,3.292333152671797,0.152,1.0,0.09,0.01,0.05,0.27,0.03,0.05,0.06,0.05,0.27,0.06,0.03,0.06,0.04,0.11,0.53,0.19,1.0,0.05,0.01,0.08
620,334,311,S,4.057460312760063,0.4655,1.0,0.81,0.08,0.61,1.0,0.21,0.43,0.22,0.26,0.95,0.47,0.18,0.53,0.29,0.6,0.58,0.8,0.63,0.36,0.05,0.25
622,335,312,L,1.3417193597000026,0.06400000000000002,1.0,0.0,0.0,0.0,0.0,0.06,0.0,0.0,0.03,0.02,1.0,0.0,0.0,0.0,0.01,0.08,0.02,0.05,0.01,0.0,0.0
624,336,313,P,2.080849734142536,0.08199999999999999,1.0,0.03,0.0,0.12,0.03,0.0,0.01,0.0,0.0,0.03,0.0,0.0,0.14,1.0,0.02,0.0,0.16,0.07,0.0,0.0,0.03
626,337,314,N,1.980162934712802,0.087,1.0,0.02,0.0,0.06,0.05,0.0,1.0,0.0,0.0,0.22,0.0,0.0,0.27,0.0,0.01,0.02,0.09,0.0,0.0,0.0,0.0
628,338,315,A,2.5455976591436795,0.125,1.0,1.0,0.38,0.0,0.01,0.01,0.0,0.0,0.16,0.1,0.11,0.01,0.0,0.01,0.01,0.01,0.02,0.08,0.56,0.03,0.0
630,339,316,K,3.867436383333026,0.382,1.0,0.63,0.04,0.62,0.89,0.04,0.33,0.1,0.15,1.0,0.43,0.09,0.42,0.46,0.51,0.52,0.63,0.5,0.24,0.01,0.03
632,340,317,V,2.2118763835331343,0.0875,1.0,0.26,0.01,0.02,0.01,0.0,0.07,0.0,0.0,0.01,0.01,0.0,0.01,0.04,0.13,0.03,0.12,0.03,1.0,0.0,0.0
634,341,318,N,3.831766057289064,0.4049999999999999,1.0,0.85,0.04,0.66,1.0,0.1,0.38,0.11,0.15,0.98,0.24,0.09,0.45,0.22,0.57,0.47,0.79,0.68,0.28,0.01,0.03
636,342,319,P,2.69401225893296,0.09100000000000001,1.0,0.08,0.0,0.06,0.04,0.01,0.04,0.02,0.03,0.12,0.05,0.0,0.1,1.0,0.05,0.08,0.04,0.02,0.04,0.0,0.04
638,343,320,M,2.021923416355303,0.085,1.0,0.12,0.0,0.01,0.0,0.05,0.0,0.0,0.23,0.0,0.14,1.0,0.0,0.0,0.0,0.08,0.0,0.06,0.01,0.0,0.0
640,344,321,L,2.42963453151912,0.08650000000000001,1.0,0.01,0.0,0.0,0.06,0.07,0.01,0.05,0.01,0.01,1.0,0.18,0.01,0.08,0.01,0.01,0.01,0.01,0.09,0.06,0.05
642,345,322,T,0.574540195760362,0.05500000000000001,1.0,0.0,0.0,0.0,0.0,0.0,0.0,0.0,0.0,0.0,0.0,0.03,0.02,0.0,0.0,0.0,0.05,1.0,0.0,0.0,0.0
644,346,323,A,3.8580945145017904,0.40049999999999997,0.99,1.0,0.05,0.69,0.94,0.05,0.37,0.12,0.17,0.88,0.27,0.09,0.58,0.24,0.56,0.47,0.67,0.51,0.28,0.02,0.05
646,347,324,D,0.5296957059520705,0.05450000000000001,0.99,0.0,0.0,1.0,0.02,0.05,0.0,0.0,0.0,0.0,0.0,0.0,0.0,0.0,0.0,0.0,0.02,0.0,0.0,0.0,0.0
648,348,325,K,3.925108622159012,0.445,1.0,0.94,0.05,0.55,0.83,0.05,0.33,0.11,0.21,1.0,0.37,0.26,0.52,0.66,0.61,0.82,0.64,0.59,0.29,0.02,0.05
650,349,326,Q,3.676315353303364,0.30399999999999994,0.96,0.7,0.02,0.38,1.0,0.02,0.33,0.05,0.08,0.51,0.4,0.05,0.27,0.16,0.93,0.44,0.34,0.25,0.12,0.01,0.02
652,350,327,G,0.7503082192134233,0.05650000000000001,0.95,0.0,0.0,0.02,0.0,0.0,1.0,0.0,0.0,0.0,0.0,0.0,0.02,0.0,0.0,0.06,0.02,0.01,0.0,0.0,0.0
654,351,328,L,3.9420007800569845,0.446,1.0,0.86,0.05,0.64,1.0,0.06,0.4,0.13,0.27,0.92,0.41,0.12,0.49,0.5,0.6,0.54,0.79,0.61,0.45,0.03,0.05
656,352,329,Y,1.9658245525451081,0.10049999999999999,0.99,0.0,0.0,0.0,0.0,0.33,0.0,0.03,0.0,0.0,0.19,0.0,0.03,0.0,0.0,0.0,0.02,0.0,0.0,0.41,1.0
658,353,330,K,0.8745951943164284,0.058499999999999996,0.99,0.0,0.0,0.0,0.0,0.0,0.0,0.04,0.0,0.06,0.0,0.0,0.0,0.05,0.02,1.0,0.0,0.0,0.0,0.0,0.0
660,354,331,S,2.5102198056479685,0.1025,0.99,1.0,0.0,0.01,0.02,0.0,0.06,0.0,0.0,0.06,0.04,0.02,0.06,0.03,0.12,0.06,0.44,0.09,0.01,0.03,0.0
662,355,332,D,0.2761954276479391,0.052500000000000005,0.99,0.0,0.0,1.0,0.0,0.0,0.0,0.0,0.0,0.0,0.0,0.0,0.05,0.0,0.0,0.0,0.0,0.0,0.0,0.0,0.0
664,356,333,N,0.9070949567290189,0.05900000000000001,0.99,0.0,0.0,0.0,0.0,0.02,0.0,0.0,0.0,0.0,0.05,0.0,1.0,0.0,0.0,0.0,0.05,0.06,0.0,0.0,0.0
666,357,334,H,0.49299845824564875,0.05450000000000001,0.99,0.0,0.0,0.0,0.0,0.05,0.0,1.0,0.0,0.0,0.0,0.0,0.0,0.0,0.0,0.0,0.0,0.0,0.0,0.0,0.04
668,358,335,A,2.3928897272457514,0.12449999999999999,0.99,1.0,0.01,0.01,0.03,0.0,0.79,0.0,0.0,0.01,0.03,0.18,0.01,0.21,0.06,0.01,0.06,0.04,0.04,0.0,0.0
670,359,336,W,0.7978438786216778,0.05700000000000001,0.99,0.04,0.0,0.0,0.0,0.01,0.0,0.0,0.0,0.0,0.02,0.02,0.0,0.0,0.0,0.05,0.0,0.0,0.0,1.0,0.0
672,360,337,L,0.668025458429514,0.05600000000000001,0.99,0.05,0.0,0.0,0.0,0.01,0.0,0.0,0.05,0.0,1.0,0.01,0.0,0.0,0.0,0.0,0.0,0.0,0.0,0.0,0.0
674,361,338,F,0.9398429732883751,0.06100000000000001,0.99,0.0,0.0,0.0,0.0,1.0,0.0,0.1,0.0,0.0,0.0,0.0,0.0,0.0,0.0,0.0,0.0,0.0,0.0,0.03,0.09
676,362,339,G,1.419933221073281,0.0915,0.99,0.69,0.0,0.0,0.0,0.0,1.0,0.0,0.0,0.0,0.07,0.0,0.0,0.02,0.0,0.0,0.04,0.01,0.0,0.0,0.0
678,363,340,W,1.8040924804297176,0.075,0.99,0.09,0.0,0.01,0.0,0.01,0.0,0.0,0.01,0.0,0.09,0.06,0.0,0.0,0.0,0.0,0.0,0.16,0.04,1.0,0.03
680,364,341,K,2.075176119033201,0.08750000000000001,0.99,0.01,0.0,0.0,0.01,0.0,0.03,0.0,0.0,1.0,0.01,0.0,0.01,0.15,0.08,0.09,0.29,0.07,0.0,0.0,0.0
682,365,342,K,2.564950406367363,0.12249999999999998,0.99,0.03,0.0,0.29,0.04,0.0,0.4,0.01,0.0,0.32,0.01,0.0,1.0,0.01,0.18,0.02,0.13,0.01,0.0,0.0,0.0
684,366,343,G,2.0710770063925765,0.081,0.99,0.06,0.0,0.08,0.07,0.0,1.0,0.0,0.0,0.02,0.09,0.0,0.18,0.0,0.07,0.03,0.01,0.01,0.0,0.0,0.0
686,367,344,S,2.477503472259966,0.123,0.99,0.05,0.0,0.01,0.01,0.02,0.01,0.01,0.01,0.34,0.05,0.02,0.01,0.01,0.01,0.24,1.0,0.61,0.01,0.0,0.04
688,368,345,V,0.9595122541488496,0.064,0.99,0.03,0.0,0.0,0.0,0.0,0.0,0.0,0.23,0.0,0.01,0.0,0.0,0.0,0.0,0.0,0.0,0.01,1.0,0.0,0.0
690,369,346,F,0.7610430576638457,0.0605,0.99,0.0,0.0,0.0,0.0,1.0,0.0,0.0,0.0,0.0,0.19,0.0,0.0,0.0,0.0,0.0,0.0,0.0,0.01,0.0,0.01
692,370,347,Q,1.5134079171739554,0.07150000000000001,0.99,0.0,0.0,0.01,0.0,0.0,0.01,0.24,0.06,0.01,0.0,0.0,0.02,0.0,1.0,0.01,0.01,0.0,0.0,0.0,0.06
694,371,348,A,1.256659659401595,0.0655,0.99,1.0,0.0,0.0,0.0,0.01,0.03,0.0,0.0,0.0,0.13,0.0,0.0,0.0,0.0,0.0,0.06,0.0,0.08,0.0,0.0
696,372,349,G,0.2761954276479391,0.052500000000000005,0.99,0.05,0.0,0.0,0.0,0.0,1.0,0.0,0.0,0.0,0.0,0.0,0.0,0.0,0.0,0.0,0.0,0.0,0.0,0.0,0.0
698,373,350,P,0.5304060778306042,0.05500000000000001,0.99,0.05,0.0,0.0,0.0,0.0,0.0,0.0,0.0,0.0,0.0,0.0,0.05,1.0,0.0,0.0,0.0,0.0,0.0,0.0,0.0
700,374,351,S,0.7206223341747269,0.057499999999999996,0.99,0.03,0.0,0.0,0.0,0.0,0.02,0.0,0.0,0.0,0.0,0.0,0.1,0.0,0.0,0.0,1.0,0.0,0.0,0.0,0.0
702,375,352,T,3.01998258723965,0.129,0.99,0.17,0.0,0.03,0.11,0.01,0.02,0.02,0.08,1.0,0.02,0.01,0.03,0.02,0.18,0.28,0.1,0.38,0.08,0.0,0.04
704,376,353,A,3.641818734535601,0.22999999999999998,0.99,1.0,0.02,0.21,0.33,0.02,0.21,0.04,0.06,0.37,0.09,0.13,0.36,0.09,0.62,0.34,0.36,0.24,0.09,0.01,0.01
706,377,354,M,0.7550410821750189,0.05750000000000001,0.99,0.0,0.0,0.0,0.0,0.0,0.0,0.0,0.07,0.0,0.03,1.0,0.0,0.0,0.0,0.0,0.0,0.0,0.0,0.0,0.05
708,378,355,N,1.8114744479457312,0.076,0.99,0.01,0.0,0.0,0.0,0.03,0.06,0.24,0.07,0.0,0.02,0.0,1.0,0.0,0.02,0.0,0.01,0.04,0.01,0.0,0.01
710,379,356,W,0.7326091041691751,0.05650000000000001,0.99,0.0,0.0,0.0,0.0,0.01,0.0,0.0,0.0,0.0,0.01,0.0,0.0,0.04,0.0,0.0,0.0,0.0,0.01,1.0,0.06
712,380,357,Y,1.9704628532126636,0.091,0.99,0.0,0.0,0.13,0.0,0.23,0.0,0.0,0.32,0.0,0.05,0.01,0.0,0.0,0.0,0.0,0.0,0.0,0.07,0.01,1.0
714,381,358,Y,4.15045153696941,0.375,0.99,0.43,0.15,0.32,0.25,0.61,0.35,0.46,0.36,0.25,0.54,0.18,0.37,0.17,0.25,0.29,0.53,0.43,0.41,0.15,1.0
716,382,359,T,1.7238724349983854,0.082,0.99,0.14,0.0,0.0,0.07,0.0,0.0,0.0,0.01,0.0,0.0,0.05,0.0,0.01,0.0,0.0,0.02,1.0,0.34,0.0,0.0
718,383,360,S,3.7140732464809028,0.32849999999999996,0.99,0.52,0.02,0.67,0.76,0.02,0.28,0.3,0.07,0.57,0.16,0.04,0.33,0.1,0.26,0.43,1.0,0.81,0.2,0.01,0.02
720,384,361,G,1.2630318326117478,0.06300000000000001,0.99,0.05,0.0,0.04,0.02,0.0,1.0,0.0,0.0,0.04,0.0,0.0,0.08,0.0,0.0,0.01,0.0,0.02,0.0,0.0,0.0
722,385,362,S,3.3923186481769694,0.248,0.99,0.26,0.01,0.55,0.21,0.01,0.08,0.02,0.03,0.49,0.1,0.02,1.0,0.11,0.64,0.17,0.46,0.75,0.04,0.0,0.01
724,386,363,G,0.40506269245806953,0.053500000000000006,1.0,0.0,0.0,0.0,0.05,0.0,1.0,0.0,0.0,0.0,0.0,0.0,0.0,0.0,0.0,0.02,0.0,0.0,0.0,0.0,0.0
726,387,364,D,2.762401976099929,0.11849999999999998,1.0,0.15,0.0,0.35,0.03,0.02,0.15,0.0,0.02,0.09,0.01,0.0,0.11,0.01,0.02,0.13,1.0,0.27,0.01,0.0,0.0
728,388,365,V,3.0597137648480217,0.1375,1.0,0.05,0.01,0.01,0.02,0.09,0.02,0.08,0.42,0.02,0.05,0.01,0.05,0.01,0.15,0.02,0.05,0.43,1.0,0.1,0.16
730,389,366,K,3.49135699529128,0.21799999999999997,1.0,0.31,0.01,0.16,0.3,0.01,0.1,0.06,0.16,1.0,0.09,0.03,0.14,0.07,0.25,0.26,0.31,0.88,0.21,0.0,0.01
732,390,367,S,3.3642255972785082,0.246,1.0,0.76,0.01,0.34,0.31,0.02,0.51,0.02,0.03,0.16,0.04,0.01,0.16,1.0,0.08,0.11,0.88,0.25,0.22,0.0,0.01
734,391,368,A,0.8012680849862672,0.05700000000000001,1.0,1.0,0.0,0.0,0.0,0.0,0.01,0.0,0.01,0.0,0.0,0.0,0.05,0.05,0.0,0.0,0.01,0.0,0.01,0.0,0.0
736,392,369,G,0.1392329990550989,0.051000000000000004,1.0,0.0,0.0,0.0,0.0,0.0,1.0,0.0,0.0,0.0,0.0,0.0,0.0,0.0,0.0,0.0,0.0,0.02,0.0,0.0,0.0
738,393,370,K,3.8692221024557307,0.3575,1.0,0.5,0.03,0.49,0.66,0.03,0.24,0.08,0.13,1.0,0.4,0.15,0.52,0.25,0.59,0.48,0.49,0.77,0.27,0.01,0.06
740,394,371,R,0.23519338181924165,0.052000000000000005,1.0,0.0,0.0,0.0,0.0,0.0,0.0,0.0,0.0,0.0,0.0,0.0,0.0,0.0,0.0,1.0,0.04,0.0,0.0,0.0,0.0
742,395,372,Q,3.8781832578925535,0.40199999999999997,1.0,1.0,0.04,0.54,0.78,0.04,0.72,0.09,0.15,0.75,0.44,0.17,0.48,0.2,0.56,0.57,0.64,0.53,0.3,0.01,0.03
744,396,373,S,3.0449500700832854,0.15449999999999997,1.0,0.21,0.0,1.0,0.18,0.0,0.14,0.03,0.02,0.18,0.02,0.01,0.2,0.02,0.05,0.06,0.58,0.36,0.03,0.0,0.0
746,397,374,N,3.080054984329861,0.169,0.38,0.06,0.01,0.76,0.14,0.01,0.31,0.03,0.05,0.08,0.03,0.01,1.0,0.09,0.05,0.04,0.49,0.1,0.02,0.0,0.1
748,398,375,R,3.2341861934287417,0.138,0.38,0.17,0.02,0.16,0.09,0.01,0.38,0.03,0.02,0.14,0.03,0.01,0.15,0.06,0.06,1.0,0.24,0.12,0.04,0.01,0.02
750,399,376,G,3.1946344163552216,0.12399999999999997,0.38,0.16,0.02,0.03,0.04,0.11,1.0,0.03,0.07,0.15,0.12,0.03,0.04,0.05,0.06,0.35,0.09,0.05,0.05,0.01,0.02
752,400,377,V,3.443574517708991,0.2225,0.38,0.38,0.06,0.24,0.08,0.03,0.05,0.03,0.33,0.1,0.15,0.06,0.15,0.12,0.08,0.06,0.65,1.0,0.84,0.01,0.03
754,401,378,A,1.9759884401455736,0.08700000000000001,1.0,0.2,0.0,1.0,0.02,0.0,0.04,0.0,0.0,0.01,0.0,0.0,0.1,0.0,0.04,0.02,0.3,0.01,0.0,0.0,0.0
756,402,379,P,3.865352622188735,0.392,1.0,0.69,0.03,0.56,0.86,0.03,0.49,0.18,0.11,0.62,0.21,0.2,0.59,1.0,0.79,0.35,0.49,0.39,0.19,0.01,0.05
758,403,380,D,0.9240441092713919,0.05900000000000001,1.0,0.0,0.0,1.0,0.0,0.0,0.0,0.05,0.0,0.0,0.05,0.0,0.06,0.0,0.0,0.0,0.01,0.0,0.0,0.0,0.01
760,404,381,A,1.902451689035737,0.1085,1.0,1.0,0.0,0.01,0.1,0.0,0.01,0.0,0.0,0.0,0.0,0.0,0.03,0.1,0.14,0.0,0.77,0.01,0.0,0.0,0.0
762,405,382,M,0.7411834470147294,0.05750000000000001,1.0,0.0,0.0,0.0,0.0,0.0,0.0,0.0,0.05,0.0,0.0,1.0,0.0,0.0,0.0,0.0,0.0,0.08,0.02,0.0,0.0
764,406,383,C,3.3158578337288773,0.24599999999999994,1.0,0.28,0.89,0.36,0.09,0.02,0.21,0.06,0.03,0.1,0.04,0.02,0.86,0.09,0.07,0.06,1.0,0.64,0.06,0.01,0.03
766,407,384,G,0.3657919736436477,0.053000000000000005,1.0,0.02,0.0,0.0,0.0,0.0,1.0,0.0,0.0,0.0,0.0,0.0,0.04,0.0,0.0,0.0,0.0,0.0,0.0,0.0,0.0
768,408,385,N,2.064403556600148,0.08399999999999999,1.0,0.03,0.0,0.04,0.0,0.02,0.0,0.0,0.09,0.01,0.01,0.0,1.0,0.01,0.0,0.0,0.19,0.15,0.13,0.0,0.0
770,409,386,A,1.0420101326876385,0.06100000000000001,1.0,1.0,0.01,0.0,0.0,0.0,0.0,0.0,0.0,0.0,0.0,0.0,0.02,0.0,0.0,0.0,0.04,0.06,0.09,0.0,0.0
772,410,387,V,1.3135775941003436,0.0665,1.0,0.07,0.0,0.0,0.0,0.0,0.0,0.0,0.16,0.0,0.05,0.01,0.0,0.0,0.0,0.0,0.02,0.02,1.0,0.0,0.0
774,411,388,M,1.2053069445726103,0.065,1.0,0.09,0.0,0.0,0.0,0.0,0.0,0.0,0.01,0.0,0.14,1.0,0.0,0.04,0.0,0.0,0.02,0.0,0.0,0.0,0.0
776,412,389,Y,1.5500514391385385,0.0975,1.0,0.0,0.0,0.0,0.0,0.74,0.0,0.01,0.0,0.0,0.09,0.0,0.0,0.08,0.0,0.0,0.0,0.0,0.0,0.03,1.0
778,413,390,D,0.41116649000212563,0.05450000000000001,1.0,0.0,0.0,1.0,0.0,0.0,0.0,0.0,0.0,0.0,0.0,0.0,0.0,0.09,0.0,0.0,0.0,0.0,0.0,0.0,0.0
780,414,391,A,1.7113486856450728,0.076,0.99,1.0,0.0,0.0,0.0,0.0,0.02,0.0,0.21,0.0,0.07,0.0,0.0,0.01,0.0,0.0,0.06,0.03,0.12,0.0,0.0
782,415,392,V,2.9273975512783585,0.121,0.73,0.16,0.01,0.02,0.15,0.01,0.01,0.01,0.08,0.04,0.15,0.01,0.02,0.04,0.13,0.04,0.17,0.37,1.0,0.0,0.0
784,416,393,K,3.550392339517123,0.22799999999999998,0.74,0.69,0.01,0.33,0.38,0.01,0.14,0.05,0.19,1.0,0.08,0.03,0.46,0.08,0.33,0.28,0.24,0.17,0.08,0.0,0.01
786,417,394,G,0.668025458429514,0.05600000000000001,0.99,0.0,0.0,0.01,0.05,0.0,1.0,0.0,0.0,0.0,0.0,0.0,0.0,0.05,0.0,0.01,0.0,0.0,0.0,0.0,0.0
788,418,395,K,1.1249851577402135,0.06100000000000001,0.99,0.01,0.0,0.0,0.07,0.0,0.0,0.0,0.0,1.0,0.06,0.0,0.01,0.0,0.02,0.03,0.02,0.0,0.0,0.0,0.0
790,419,396,I,1.131021929775749,0.0655,0.99,0.0,0.0,0.0,0.0,0.0,0.0,0.0,1.0,0.0,0.16,0.0,0.0,0.0,0.0,0.0,0.0,0.0,0.1,0.0,0.05
792,420,397,L,1.1906555192882258,0.063,0.99,0.0,0.02,0.0,0.0,0.06,0.0,0.0,0.05,0.0,1.0,0.05,0.0,0.0,0.0,0.0,0.0,0.0,0.08,0.0,0.0
794,421,398,T,1.4692087784655945,0.0705,0.99,0.12,0.0,0.0,0.0,0.0,0.03,0.0,0.0,0.03,0.0,0.0,0.0,0.0,0.0,0.0,0.08,1.0,0.15,0.0,0.0
796,422,399,F,3.664608657256116,0.22949999999999998,0.99,0.65,0.17,0.05,0.06,1.0,0.08,0.21,0.32,0.07,0.58,0.1,0.11,0.05,0.07,0.08,0.11,0.12,0.4,0.04,0.32
798,423,400,G,0.0,0.05,0.99,0.0,0.0,0.0,0.0,0.0,1.0,0.0,0.0,0.0,0.0,0.0,0.0,0.0,0.0,0.0,0.0,0.0,0.0,0.0,0.0
800,424,401,G,0.0,0.05,1.0,0.0,0.0,0.0,0.0,0.0,1.0,0.0,0.0,0.0,0.0,0.0,0.0,0.0,0.0,0.0,0.0,0.0,0.0,0.0,0.0
802,425,402,S,1.9049655330840087,0.101,1.0,0.55,0.0,0.0,0.0,0.0,0.14,0.0,0.0,0.0,0.0,0.0,0.02,0.0,0.2,0.0,1.0,0.11,0.0,0.0,0.0
804,426,403,P,2.312121060010851,0.09200000000000001,1.0,0.05,0.0,0.01,0.1,0.0,0.09,0.03,0.0,0.04,0.01,0.0,0.01,1.0,0.08,0.07,0.03,0.32,0.0,0.0,0.0
806,427,404,D,3.8064671776655676,0.286,1.0,0.84,0.05,0.67,0.09,0.25,0.15,0.37,0.12,0.09,0.23,0.07,0.52,0.06,0.18,0.15,1.0,0.15,0.28,0.1,0.35
808,428,405,Y,0.6332028286983522,0.05600000000000001,1.0,0.0,0.0,0.06,0.0,0.0,0.05,0.0,0.0,0.0,0.0,0.0,0.01,0.0,0.0,0.0,0.0,0.0,0.0,0.0,1.0
810,429,406,T,2.939621734025316,0.19099999999999998,1.0,0.12,0.0,0.72,0.98,0.01,0.03,0.05,0.02,0.08,0.03,0.03,0.04,0.03,1.0,0.06,0.23,0.31,0.04,0.04,0.0
812,430,407,D,3.186244991315085,0.18450000000000005,1.0,0.07,0.0,1.0,0.11,0.02,0.46,0.08,0.02,0.45,0.03,0.02,0.66,0.02,0.28,0.1,0.25,0.08,0.02,0.0,0.02
814,431,408,S,2.471813449653926,0.0965,1.0,0.25,0.0,0.08,0.03,0.0,0.02,0.08,0.0,0.11,0.02,0.0,0.01,0.0,0.04,0.01,1.0,0.21,0.04,0.0,0.03
816,432,409,D,4.223294372722724,0.49250000000000005,1.0,0.67,0.18,0.44,0.51,0.69,0.41,0.54,0.41,0.51,0.71,0.24,0.43,0.38,0.43,0.46,0.56,0.53,0.54,0.21,1.0
818,433,410,A,1.107359362644219,0.06599999999999999,1.0,1.0,0.0,0.0,0.0,0.0,0.16,0.0,0.0,0.0,0.0,0.0,0.0,0.0,0.0,0.0,0.14,0.02,0.0,0.0,0.0
820,434,411,T,1.5875622926789261,0.07150000000000001,1.0,0.01,0.0,0.0,0.0,0.0,0.0,0.07,0.01,0.0,0.04,0.0,0.03,0.0,0.0,0.05,0.2,1.0,0.02,0.0,0.0
822,435,412,T,3.764529646420808,0.4525,1.0,0.98,0.04,0.52,0.89,0.04,0.34,0.09,0.14,0.91,0.22,0.08,1.0,0.23,0.47,0.96,0.84,0.99,0.21,0.01,0.09
824,436,413,N,2.966187022109612,0.1265,1.0,0.2,0.0,0.23,0.05,0.0,0.04,0.09,0.01,0.2,0.02,0.01,1.0,0.02,0.12,0.37,0.09,0.03,0.03,0.0,0.02
826,437,414,A,0.940478696417299,0.06000000000000001,1.0,1.0,0.05,0.0,0.0,0.0,0.03,0.0,0.0,0.0,0.0,0.0,0.0,0.0,0.0,0.0,0.0,0.1,0.02,0.0,0.0
828,438,415,H,2.0746490016004215,0.1,1.0,0.03,0.0,0.0,0.0,0.09,0.0,1.0,0.0,0.0,0.01,0.0,0.05,0.0,0.0,0.09,0.14,0.03,0.01,0.0,0.55
830,439,416,I,2.577884782372991,0.15650000000000003,1.0,0.07,0.05,0.02,0.01,0.02,0.0,0.0,1.0,0.01,0.63,0.01,0.0,0.01,0.0,0.2,0.02,0.46,0.62,0.0,0.0
832,440,417,I,1.405299367748247,0.073,1.0,0.06,0.0,0.0,0.0,0.0,0.0,0.0,1.0,0.0,0.15,0.02,0.0,0.0,0.0,0.0,0.0,0.0,0.23,0.0,0.0
834,441,418,T,2.7577555544147865,0.10700000000000001,1.0,0.07,0.0,0.3,0.13,0.0,0.09,0.02,0.01,0.15,0.02,0.01,0.05,0.02,0.06,0.05,0.14,1.0,0.02,0.0,0.0
836,442,419,L,1.4456677589686273,0.094,1.0,0.02,0.0,0.0,0.0,0.02,0.0,0.0,1.0,0.0,0.69,0.0,0.0,0.0,0.0,0.0,0.0,0.0,0.15,0.0,0.0
838,443,420,G,2.5124848655370338,0.119,0.99,0.07,0.0,0.31,0.01,0.0,1.0,0.01,0.0,0.28,0.0,0.0,0.35,0.0,0.01,0.03,0.2,0.11,0.0,0.0,0.0
840,444,421,E,3.528536236405306,0.23149999999999996,0.84,0.43,0.01,0.62,1.0,0.01,0.34,0.06,0.05,0.34,0.09,0.03,0.54,0.07,0.21,0.16,0.32,0.26,0.08,0.0,0.01
842,445,422,P,1.909659955444261,0.0755,0.79,0.08,0.0,0.08,0.07,0.0,0.04,0.0,0.0,0.02,0.0,0.0,0.01,1.0,0.01,0.02,0.01,0.02,0.15,0.0,0.0
844,446,423,G,2.783407333450603,0.11100000000000002,0.98,0.04,0.02,0.14,0.01,0.06,1.0,0.02,0.02,0.07,0.08,0.01,0.43,0.01,0.01,0.02,0.03,0.06,0.02,0.01,0.16
846,447,424,T,3.7355033723718134,0.387,0.98,0.99,0.03,0.46,0.84,0.03,0.47,0.12,0.11,0.65,0.16,0.06,0.42,0.16,0.74,0.36,0.83,1.0,0.28,0.01,0.02
848,448,425,S,3.869686479871795,0.4164999999999999,0.97,0.64,0.04,0.55,0.94,0.04,0.29,0.1,0.26,1.0,0.27,0.16,0.71,0.34,0.8,0.5,0.71,0.65,0.29,0.01,0.03
850,449,426,P,2.2120435644880563,0.10800000000000001,0.99,0.49,0.01,0.01,0.01,0.02,0.07,0.0,0.0,0.01,0.01,0.0,0.01,1.0,0.01,0.01,0.05,0.05,0.4,0.0,0.0
852,450,427,N,3.8114084033777376,0.38950000000000007,0.99,0.56,0.04,0.57,0.93,0.03,0.26,0.11,0.16,1.0,0.28,0.07,0.44,0.2,0.75,0.48,0.7,0.78,0.39,0.01,0.03
854,451,428,T,2.0044825914530664,0.08449999999999999,1.0,0.16,0.0,0.0,0.0,0.06,0.08,0.0,0.01,0.02,0.0,0.0,0.01,0.01,0.0,0.0,0.11,0.23,1.0,0.0,0.0
856,452,429,V,3.8464745624775047,0.434,1.0,1.0,0.04,0.51,0.97,0.04,0.3,0.1,0.28,0.87,0.26,0.09,0.4,0.22,0.82,0.7,0.63,0.78,0.6,0.01,0.06
858,453,430,F,4.173372416078921,0.5714999999999999,1.0,0.9,0.14,0.62,0.92,0.53,0.47,0.4,0.37,1.0,0.65,0.2,0.55,0.4,0.67,0.79,0.79,0.7,0.58,0.12,0.63
860,454,431,A,2.501471053858811,0.11600000000000002,1.0,1.0,0.0,0.01,0.01,0.0,0.09,0.0,0.04,0.01,0.16,0.0,0.02,0.05,0.02,0.01,0.08,0.53,0.28,0.0,0.01
862,455,432,S,2.5021979053065677,0.1045,1.0,0.21,0.0,0.06,0.04,0.0,1.0,0.0,0.0,0.08,0.0,0.0,0.05,0.16,0.06,0.01,0.34,0.07,0.01,0.0,0.0
864,456,433,N,2.9456991574043068,0.16249999999999998,0.99,0.06,0.0,0.71,0.31,0.0,0.18,0.01,0.01,0.19,0.01,0.0,1.0,0.08,0.23,0.04,0.34,0.07,0.01,0.0,0.0
866,457,434,G,2.197637336023653,0.08100000000000003,0.66,0.05,0.0,0.03,0.02,0.0,1.0,0.12,0.0,0.11,0.01,0.0,0.07,0.02,0.01,0.03,0.01,0.11,0.03,0.0,0.0
868,458,435,L,1.1190562478289365,0.066,0.99,0.07,0.0,0.01,0.01,0.0,0.0,0.0,0.0,0.0,0.22,1.0,0.0,0.0,0.01,0.0,0.0,0.0,0.0,0.0,0.0
870,459,436,Y,4.165264785333305,0.4050000000000001,1.0,0.53,0.18,0.22,0.3,0.7,0.34,0.55,0.4,0.31,0.65,0.22,0.32,0.21,0.3,0.36,0.42,0.4,0.5,0.19,1.0
872,460,437,F,3.511505679951784,0.1765,1.0,0.12,0.03,0.03,0.15,0.46,0.05,0.47,0.07,0.14,0.15,0.03,0.16,0.03,0.08,0.07,0.28,0.07,0.11,0.03,1.0
874,461,438,A,3.2865126009264074,0.16649999999999998,1.0,1.0,0.01,0.1,0.31,0.01,0.17,0.02,0.04,0.36,0.04,0.01,0.1,0.51,0.24,0.09,0.16,0.11,0.04,0.0,0.01
876,462,439,R,0.23519338181924165,0.052000000000000005,1.0,0.0,0.0,0.0,0.0,0.0,0.0,0.0,0.0,0.0,0.0,0.0,0.0,0.0,0.0,1.0,0.0,0.04,0.0,0.0,0.0
878,463,440,T,3.1285902683391282,0.2045,1.0,0.85,0.02,0.03,0.02,0.01,0.22,0.01,0.45,0.03,0.04,0.15,0.04,0.05,0.02,0.14,0.41,0.58,1.0,0.01,0.01
880,464,441,F,0.8363851599906961,0.0615,1.0,0.0,0.0,0.0,0.0,1.0,0.0,0.0,0.0,0.0,0.0,0.05,0.0,0.0,0.0,0.0,0.0,0.0,0.0,0.0,0.18
882,465,442,H,3.3416595443414674,0.17899999999999994,1.0,1.0,0.08,0.05,0.06,0.03,0.45,0.54,0.03,0.07,0.07,0.03,0.04,0.27,0.05,0.05,0.44,0.13,0.16,0.01,0.02
884,466,443,T,2.17004453441699,0.1315,1.0,0.03,0.0,0.01,0.11,0.0,0.01,0.0,0.01,0.01,0.01,0.0,0.95,0.01,0.15,0.01,0.31,1.0,0.01,0.0,0.0
886,467,444,S,1.4432964538074253,0.0735,1.0,0.25,0.0,0.0,0.0,0.0,0.11,0.0,0.0,0.0,0.07,0.0,0.0,0.0,0.0,0.0,1.0,0.04,0.0,0.0,0.0
888,468,445,V,0.7768758126079657,0.05700000000000001,1.0,0.02,0.0,0.0,0.0,0.0,0.0,0.0,0.04,0.0,0.0,0.0,0.0,0.0,0.0,0.0,0.04,0.04,1.0,0.0,0.0
890,469,446,V,1.3885503210238774,0.06899999999999999,1.0,0.1,0.0,0.0,0.0,0.0,0.0,0.06,0.17,0.0,0.03,0.0,0.0,0.0,0.0,0.0,0.0,0.02,1.0,0.0,0.0
892,470,447,L,0.6255306486814773,0.05650000000000001,1.0,0.0,0.0,0.0,0.0,0.0,0.0,0.0,0.0,0.0,1.0,0.08,0.0,0.0,0.0,0.0,0.0,0.0,0.05,0.0,0.0
894,471,448,P,0.0,0.05,1.0,0.0,0.0,0.0,0.0,0.0,0.0,0.0,0.0,0.0,0.0,0.0,0.0,1.0,0.0,0.0,0.0,0.0,0.0,0.0,0.0
896,472,449,D,0.8490544242540479,0.06899999999999999,1.0,0.0,0.0,1.0,0.0,0.0,0.0,0.0,0.0,0.0,0.0,0.0,0.38,0.0,0.0,0.0,0.0,0.0,0.0,0.0,0.0
898,473,450,G,0.3105729559759087,0.052500000000000005,1.0,0.01,0.0,0.04,0.0,0.0,1.0,0.0,0.0,0.0,0.0,0.0,0.0,0.0,0.0,0.0,0.0,0.0,0.0,0.0,0.0
900,474,451,S,2.986887592748457,0.1735,1.0,0.06,0.0,0.07,0.26,0.0,0.06,0.01,0.01,1.0,0.02,0.02,0.43,0.02,0.44,0.06,0.47,0.52,0.02,0.0,0.0
902,475,452,T,0.8154848306463224,0.06,1.0,0.0,0.0,0.0,0.0,0.0,0.0,0.0,0.11,0.0,0.0,0.0,0.0,0.0,0.0,0.0,0.0,0.09,1.0,0.0,0.0
904,476,453,F,1.867975787288786,0.08900000000000001,1.0,0.26,0.0,0.0,0.0,1.0,0.0,0.0,0.03,0.0,0.32,0.02,0.0,0.0,0.0,0.0,0.0,0.0,0.1,0.05,0.0
906,477,454,I,1.324822339606188,0.1015,1.0,0.01,0.0,0.0,0.0,0.0,0.0,0.0,1.0,0.0,0.02,0.0,0.0,0.0,0.0,0.0,0.0,0.09,0.91,0.0,0.0
908,478,455,T,3.719942142765309,0.23949999999999996,1.0,0.58,0.1,0.05,0.08,0.54,0.08,0.15,0.33,0.08,0.26,0.07,0.15,0.07,0.08,0.09,0.21,1.0,0.58,0.05,0.24
910,479,456,G,0.40506269245806953,0.053500000000000006,1.0,0.0,0.02,0.0,0.0,0.0,1.0,0.0,0.0,0.0,0.0,0.0,0.05,0.0,0.0,0.0,0.0,0.0,0.0,0.0,0.0
912,480,457,G,0.0,0.05,1.0,0.0,0.0,0.0,0.0,0.0,1.0,0.0,0.0,0.0,0.0,0.0,0.0,0.0,0.0,0.0,0.0,0.0,0.0,0.0,0.0
914,481,458,Q,1.1000393026156632,0.0615,1.0,0.06,0.0,0.0,0.05,0.0,0.0,0.0,0.0,0.0,0.0,0.05,0.0,0.0,1.0,0.01,0.06,0.0,0.0,0.0,0.0
916,482,459,R,3.5436892935841384,0.248,1.0,0.68,0.01,0.17,0.45,0.01,0.26,0.03,0.2,0.28,0.05,0.02,0.18,0.11,0.56,0.21,1.0,0.57,0.16,0.0,0.01
918,483,460,R,3.5422259004810153,0.16300000000000003,1.0,0.07,0.02,0.11,0.04,0.32,0.04,0.23,0.08,0.07,0.11,0.03,0.04,0.03,0.1,0.3,0.05,0.24,0.18,0.2,1.0
920,484,461,G,2.547551640737988,0.12899999999999998,1.0,0.66,0.01,0.01,0.01,0.01,1.0,0.0,0.01,0.01,0.04,0.04,0.01,0.38,0.01,0.01,0.19,0.02,0.07,0.0,0.09
922,485,462,I,3.853969131140539,0.2435,1.0,0.32,0.02,0.19,0.37,0.2,0.11,0.05,0.42,0.39,0.3,0.06,0.21,0.08,0.29,0.33,0.24,0.2,1.0,0.04,0.05
924,486,463,I,1.3373683347060759,0.0665,1.0,0.14,0.0,0.0,0.0,0.0,0.09,0.0,0.0,0.0,0.03,0.0,0.0,1.0,0.01,0.0,0.03,0.0,0.03,0.0,0.0
926,487,464,F,0.5632209912345753,0.05500000000000001,1.0,0.0,0.0,0.0,0.0,1.0,0.0,0.0,0.0,0.0,0.0,0.0,0.0,0.0,0.0,0.04,0.0,0.0,0.05,0.0,0.01
928,488,465,E,3.4579403281281547,0.21300000000000002,1.0,0.22,0.01,0.1,0.36,0.05,0.34,0.14,0.04,0.11,0.05,0.02,0.87,0.03,0.13,0.16,1.0,0.44,0.07,0.05,0.07
930,489,466,D,1.1631299851259669,0.0755,1.0,0.0,0.0,1.0,0.43,0.0,0.0,0.0,0.0,0.0,0.0,0.0,0.07,0.0,0.01,0.0,0.0,0.0,0.0,0.0,0.0
932,490,467,S,3.2270293699475037,0.2294999999999999,1.0,0.64,0.01,0.71,0.59,0.01,0.18,0.03,0.05,0.13,0.03,0.01,0.13,0.03,0.17,0.08,1.0,0.69,0.1,0.0,0.0
934,491,468,T,3.7227914710904755,0.23399999999999999,0.99,0.29,0.02,0.47,0.38,0.03,0.29,0.15,0.07,0.37,0.15,0.05,0.47,0.1,0.22,0.21,0.28,1.0,0.1,0.01,0.02
936,492,469,P,3.284940198932253,0.20750000000000002,1.0,1.0,0.04,0.02,0.03,0.07,0.02,0.03,0.28,0.04,0.14,0.04,0.14,0.62,0.03,0.03,0.65,0.16,0.68,0.07,0.06
938,493,470,V,3.9270330546224734,0.4330000000000001,1.0,0.77,0.06,0.63,1.0,0.06,0.38,0.18,0.24,0.92,0.32,0.11,0.5,0.28,0.82,0.53,0.74,0.58,0.46,0.02,0.06
940,494,471,F,1.5933548253780057,0.0765,1.0,0.0,0.0,0.0,0.0,0.26,0.0,0.0,0.01,0.0,1.0,0.16,0.01,0.0,0.0,0.0,0.01,0.04,0.0,0.0,0.04
942,495,472,T,2.9600281502140224,0.10900000000000001,1.0,0.06,0.01,0.01,0.14,0.03,0.02,0.03,0.09,0.02,0.03,0.01,0.02,0.12,0.18,0.02,0.08,1.0,0.22,0.01,0.08
944,496,473,P,0.8951908376603294,0.0625,1.0,0.2,0.0,0.0,0.0,0.0,0.0,0.0,0.0,0.0,0.0,0.0,0.0,1.0,0.0,0.0,0.04,0.01,0.0,0.0,0.0
946,497,474,E,0.4929984582456486,0.05450000000000001,1.0,0.0,0.0,0.0,1.0,0.0,0.0,0.0,0.0,0.0,0.0,0.0,0.0,0.0,0.0,0.04,0.05,0.0,0.0,0.0,0.0
948,498,475,I,1.9796647612921852,0.10600000000000001,1.0,0.0,0.0,0.0,0.0,0.01,0.0,0.0,0.52,0.0,1.0,0.33,0.0,0.0,0.01,0.11,0.0,0.0,0.14,0.0,0.0
950,499,476,Y,1.3735264303254882,0.08499999999999999,1.0,0.0,0.0,0.0,0.0,0.27,0.0,0.0,0.0,0.0,0.0,0.0,0.0,0.0,0.0,0.0,0.0,0.0,0.0,0.43,1.0
952,500,477,V,3.6389954895816157,0.17,1.0,0.09,0.04,1.0,0.06,0.13,0.06,0.23,0.24,0.05,0.16,0.04,0.27,0.04,0.05,0.06,0.2,0.18,0.21,0.03,0.26
954,501,478,P,0.23519338181924165,0.052000000000000005,1.0,0.0,0.0,0.0,0.0,0.0,0.0,0.0,0.0,0.0,0.0,0.0,0.0,1.0,0.0,0.0,0.04,0.0,0.0,0.0,0.0
956,502,479,E,3.7768039054028146,0.33649999999999997,1.0,1.0,0.04,0.68,0.89,0.03,0.27,0.09,0.12,0.7,0.21,0.07,0.37,0.18,0.39,0.38,0.55,0.46,0.26,0.01,0.03
958,503,480,Q,2.8157338348784844,0.10749999999999997,1.0,0.23,0.0,0.18,0.08,0.0,0.02,0.01,0.01,0.1,0.04,0.0,0.04,0.03,0.13,0.08,0.14,1.0,0.01,0.05,0.0
960,504,481,D,2.8922613999904327,0.17449999999999996,1.0,0.05,0.01,1.0,0.1,0.01,0.71,0.06,0.13,0.09,0.02,0.01,0.88,0.02,0.13,0.08,0.13,0.04,0.01,0.0,0.01
962,505,482,T,3.485479680685763,0.203,1.0,0.26,0.01,0.13,0.37,0.01,0.14,0.02,0.14,0.4,0.1,0.02,0.15,0.05,0.23,0.41,0.52,1.0,0.09,0.0,0.01
964,506,483,F,1.0551500780624274,0.0645,1.0,0.0,0.0,0.0,0.0,1.0,0.0,0.0,0.0,0.0,0.01,0.02,0.06,0.0,0.0,0.0,0.0,0.0,0.0,0.2,0.0
966,507,484,Y,3.8800354290458534,0.251,1.0,0.37,0.03,0.24,0.52,0.08,0.14,0.09,0.22,0.37,0.2,0.05,0.2,0.1,0.21,0.38,0.29,1.0,0.28,0.02,0.23
968,508,485,K,3.7976798712891733,0.335,1.0,0.43,0.03,0.31,0.72,0.02,0.31,0.06,0.14,1.0,0.34,0.08,0.31,0.78,0.57,0.44,0.38,0.56,0.19,0.01,0.02
970,509,486,Q,3.163551271056198,0.16199999999999995,1.0,0.16,0.02,0.03,0.03,0.07,0.05,0.06,0.04,0.03,1.0,0.56,0.03,0.02,0.59,0.03,0.04,0.07,0.26,0.06,0.09
972,510,487,N,3.5344685357908925,0.19,1.0,1.0,0.01,0.13,0.21,0.08,0.12,0.03,0.04,0.34,0.13,0.02,0.27,0.18,0.58,0.11,0.28,0.16,0.08,0.01,0.02
974,511,488,P,2.9749245324365368,0.12999999999999998,1.0,0.21,0.0,0.11,0.07,0.02,0.06,0.01,0.01,0.09,0.01,0.0,0.04,1.0,0.2,0.09,0.29,0.36,0.01,0.02,0.0
976,512,489,N,3.9536139609137777,0.23849999999999993,1.0,0.22,0.06,0.09,0.12,0.24,0.15,0.29,0.17,0.13,0.27,0.49,1.0,0.15,0.15,0.13,0.21,0.25,0.25,0.06,0.34
978,513,490,S,3.395418417589015,0.244,1.0,0.74,0.04,0.09,0.09,0.06,0.07,0.06,0.11,0.11,0.18,0.04,0.79,0.1,0.14,0.09,0.94,1.0,0.11,0.02,0.1
980,514,491,I,1.5178544588041878,0.1015,1.0,0.0,0.0,0.0,0.0,0.03,0.0,0.0,1.0,0.0,0.04,0.02,0.01,0.0,0.0,0.0,0.0,0.08,0.85,0.0,0.0
982,515,492,V,3.254057823697057,0.18849999999999997,1.0,0.67,0.06,0.04,0.05,0.02,0.39,0.01,0.19,0.11,0.07,0.03,0.04,1.0,0.04,0.05,0.3,0.1,0.57,0.01,0.02
984,516,493,R,0.0,0.05,1.0,0.0,0.0,0.0,0.0,0.0,0.0,0.0,0.0,0.0,0.0,0.0,0.0,0.0,0.0,1.0,0.0,0.0,0.0,0.0,0.0
986,517,494,A,3.31883555899966,0.177,1.0,0.33,0.07,0.03,0.05,0.03,0.02,0.02,0.3,0.06,0.21,0.11,0.32,0.08,0.04,0.03,0.19,0.63,1.0,0.01,0.01
988,518,495,Y,0.0,0.05,1.0,0.0,0.0,0.0,0.0,0.0,0.0,0.0,0.0,0.0,0.0,0.0,0.0,0.0,0.0,0.0,0.0,0.0,0.0,0.0,1.0
990,519,496,H,0.0,0.05,1.0,0.0,0.0,0.0,0.0,0.0,0.0,1.0,0.0,0.0,0.0,0.0,0.0,0.0,0.0,0.0,0.0,0.0,0.0,0.0,0.0
992,520,497,S,0.3485968608695984,0.053500000000000006,1.0,0.0,0.0,0.0,0.0,0.0,0.0,0.0,0.0,0.0,0.0,0.0,0.0,0.0,0.0,0.0,1.0,0.07,0.0,0.0,0.0
994,521,498,I,2.5533177156408087,0.15,1.0,0.05,0.0,0.0,0.0,0.09,0.11,0.0,0.83,0.0,0.37,0.18,0.0,0.0,0.0,0.0,0.0,0.28,1.0,0.09,0.0
996,522,499,S,1.5406467874765526,0.10800000000000001,1.0,1.0,0.04,0.0,0.0,0.0,0.09,0.0,0.0,0.0,0.0,0.0,0.0,0.0,0.0,0.0,0.93,0.0,0.1,0.0,0.0
998,523,500,L,2.2863213868138716,0.10999999999999999,1.0,0.02,0.0,0.0,0.0,0.03,0.0,0.0,0.49,0.0,1.0,0.13,0.27,0.01,0.01,0.0,0.0,0.11,0.13,0.0,0.0
1000,524,501,L,0.0,0.05,1.0,0.0,0.0,0.0,0.0,0.0,0.0,0.0,0.0,0.0,1.0,0.0,0.0,0.0,0.0,0.0,0.0,0.0,0.0,0.0,0.0
1002,525,502,L,0.840214676294905,0.06,1.0,0.0,0.0,0.0,0.0,0.0,0.0,0.0,0.0,0.0,1.0,0.13,0.0,0.0,0.0,0.0,0.0,0.06,0.01,0.0,0.0
1004,526,503,P,1.3399975215289717,0.06500000000000002,1.0,0.03,0.0,0.0,0.0,0.0,0.0,0.0,0.0,0.03,0.03,0.0,0.03,1.0,0.14,0.02,0.01,0.01,0.0,0.0,0.0
1006,527,504,D,0.40506269245806953,0.053500000000000006,1.0,0.0,0.0,1.0,0.0,0.0,0.0,0.0,0.0,0.0,0.0,0.0,0.02,0.0,0.05,0.0,0.0,0.0,0.0,0.0,0.0
1008,528,505,G,0.9572485764449988,0.08049999999999999,1.0,0.61,0.0,0.0,0.0,0.0,1.0,0.0,0.0,0.0,0.0,0.0,0.0,0.0,0.0,0.0,0.0,0.0,0.0,0.0,0.0
1010,529,506,R,2.007874197384756,0.10800000000000001,1.0,0.03,0.03,0.02,0.01,0.0,0.01,0.01,0.01,0.02,0.01,0.0,0.11,0.01,0.01,1.0,0.07,0.8,0.01,0.0,0.0
1012,530,507,V,1.082247372938729,0.065,1.0,0.0,0.0,0.0,0.0,0.06,0.0,0.0,0.19,0.0,0.05,0.0,0.0,0.0,0.0,0.0,0.0,0.0,1.0,0.0,0.0
1014,531,508,F,1.814996761171749,0.093,1.0,0.03,0.0,0.0,0.0,1.0,0.0,0.0,0.14,0.0,0.5,0.14,0.0,0.0,0.0,0.0,0.0,0.0,0.02,0.03,0.0
1016,532,509,N,3.0641784067251017,0.16999999999999998,1.0,0.15,0.07,0.03,0.02,0.1,0.02,0.01,0.21,0.03,0.05,0.02,1.0,0.04,0.05,0.02,0.77,0.49,0.29,0.01,0.02
1018,533,510,G,0.910032721177376,0.0615,0.99,0.16,0.0,0.0,0.0,0.05,1.0,0.0,0.0,0.0,0.0,0.0,0.0,0.0,0.0,0.0,0.02,0.0,0.0,0.0,0.0
1020,534,511,G,0.0,0.05,0.99,0.0,0.0,0.0,0.0,0.0,1.0,0.0,0.0,0.0,0.0,0.0,0.0,0.0,0.0,0.0,0.0,0.0,0.0,0.0,0.0
1022,535,512,G,0.796904238186803,0.06000000000000001,0.99,0.0,0.0,0.0,0.0,0.0,1.0,0.0,0.0,0.0,0.0,0.0,0.06,0.0,0.0,0.0,0.14,0.0,0.0,0.0,0.0
1024,536,513,G,0.49299845824564853,0.05450000000000001,0.99,0.0,0.0,0.04,0.0,0.0,1.0,0.0,0.0,0.0,0.0,0.0,0.05,0.0,0.0,0.0,0.0,0.0,0.0,0.0,0.0
1026,537,514,L,0.49299845824564853,0.05450000000000001,0.99,0.0,0.0,0.0,0.0,0.0,0.0,0.0,0.0,0.0,1.0,0.0,0.0,0.05,0.0,0.0,0.04,0.0,0.0,0.0,0.0
1028,538,515,C,0.693101197561121,0.05650000000000001,0.99,0.0,1.0,0.0,0.0,0.0,0.03,0.0,0.0,0.0,0.05,0.0,0.05,0.0,0.0,0.0,0.0,0.0,0.0,0.0,0.0
1030,539,516,G,0.7196010317923445,0.05700000000000001,0.99,0.09,0.0,0.02,0.01,0.0,1.0,0.0,0.0,0.0,0.0,0.0,0.0,0.0,0.0,0.0,0.0,0.0,0.02,0.0,0.0
1032,540,517,D,2.9418133363338383,0.1885,1.0,0.1,0.0,0.98,0.07,0.0,0.42,0.01,0.04,0.11,0.02,0.01,1.0,0.07,0.04,0.11,0.28,0.49,0.02,0.0,0.0
1034,541,518,C,0.38094658570539014,0.054000000000000006,0.99,0.08,1.0,0.0,0.0,0.0,0.0,0.0,0.0,0.0,0.0,0.0,0.0,0.0,0.0,0.0,0.0,0.0,0.0,0.0,0.0
1036,542,519,T,3.4362120146914314,0.3015,0.99,0.98,0.01,0.6,0.31,0.01,0.12,0.03,0.04,0.52,0.07,0.02,0.59,0.32,0.24,0.17,0.91,1.0,0.08,0.0,0.01
1038,543,520,T,2.7573135013960135,0.11949999999999998,1.0,0.58,0.0,0.01,0.05,0.03,0.05,0.02,0.01,0.1,0.02,0.01,0.01,0.1,0.07,0.02,0.17,1.0,0.08,0.01,0.05
1040,544,521,N,0.4929984582456486,0.05450000000000001,1.0,0.0,0.0,0.0,0.0,0.04,0.0,0.0,0.0,0.0,0.0,0.0,1.0,0.0,0.0,0.0,0.05,0.0,0.0,0.0,0.0
1042,545,522,H,0.509687038184826,0.05550000000000001,1.0,0.0,0.0,0.0,0.1,0.0,0.0,1.0,0.0,0.01,0.0,0.0,0.0,0.0,0.0,0.0,0.0,0.0,0.0,0.0,0.0
1044,546,523,F,3.6090735493152497,0.2,1.0,0.28,0.04,0.05,0.07,1.0,0.08,0.14,0.1,0.07,0.34,0.06,0.08,0.34,0.16,0.09,0.12,0.1,0.12,0.05,0.71
1046,547,524,D,0.8390397023047074,0.06050000000000001,1.0,0.0,0.0,1.0,0.0,0.0,0.0,0.0,0.0,0.0,0.0,0.0,0.11,0.0,0.0,0.1,0.0,0.0,0.0,0.0,0.0
1048,548,525,A,2.0115031562347823,0.10899999999999996,1.0,1.0,0.0,0.0,0.0,0.07,0.72,0.0,0.19,0.0,0.1,0.01,0.0,0.01,0.0,0.0,0.03,0.01,0.04,0.0,0.0
1050,549,526,Q,1.3770314392786638,0.0745,1.0,0.17,0.0,0.01,0.28,0.0,0.0,0.0,0.02,0.0,0.0,0.0,0.0,0.0,1.0,0.0,0.01,0.0,0.0,0.0,0.0
1052,550,527,I,1.4497956119987605,0.07500000000000001,1.0,0.0,0.0,0.0,0.0,0.05,0.0,0.0,1.0,0.0,0.07,0.0,0.0,0.0,0.0,0.0,0.0,0.08,0.3,0.0,0.0
1054,551,528,F,1.5179283122807936,0.0865,1.0,0.0,0.0,0.0,0.0,1.0,0.0,0.0,0.0,0.0,0.13,0.0,0.0,0.0,0.0,0.0,0.0,0.0,0.0,0.12,0.48
1056,552,529,T,1.8500013828739428,0.0735,1.0,0.01,0.02,0.07,0.0,0.0,0.0,0.0,0.02,0.04,0.01,0.0,0.0,0.0,0.02,0.05,0.16,1.0,0.04,0.0,0.03
1058,553,530,P,0.0,0.05,1.0,0.0,0.0,0.0,0.0,0.0,0.0,0.0,0.0,0.0,0.0,0.0,0.0,1.0,0.0,0.0,0.0,0.0,0.0,0.0,0.0
1060,554,531,N,1.63801113687268,0.07,1.0,0.05,0.0,0.02,0.01,0.0,0.01,0.02,0.0,0.0,0.0,0.0,0.1,1.0,0.11,0.02,0.06,0.0,0.0,0.0,0.0
1062,555,532,Y,0.599777128274916,0.05550000000000001,1.0,0.0,0.0,0.0,0.0,0.05,0.0,0.0,0.0,0.0,0.0,0.0,0.05,0.0,0.0,0.0,0.01,0.0,0.0,0.0,1.0
1064,556,533,L,0.5598473669638385,0.05550000000000001,1.0,0.0,0.0,0.0,0.0,0.0,0.0,0.04,0.0,0.0,1.0,0.07,0.0,0.0,0.0,0.0,0.0,0.0,0.0,0.0,0.0
1066,557,534,Y,1.5528126838860419,0.0945,1.0,0.0,0.0,0.0,0.0,0.52,0.0,0.0,0.0,0.0,1.0,0.0,0.0,0.0,0.0,0.0,0.0,0.0,0.02,0.01,0.34
1068,558,535,D,2.510554343142708,0.13299999999999998,1.0,0.04,0.0,0.61,0.07,0.0,0.02,0.0,0.0,0.06,0.01,0.0,1.0,0.01,0.08,0.28,0.03,0.44,0.01,0.0,0.0
1070,559,536,S,3.6443092514329885,0.2855,0.99,1.0,0.02,0.52,0.63,0.02,0.25,0.05,0.07,0.52,0.12,0.04,0.26,0.43,0.28,0.24,0.81,0.32,0.11,0.01,0.01
1072,560,537,N,2.0493991060102745,0.09100000000000001,1.0,0.02,0.0,1.0,0.04,0.0,0.01,0.0,0.0,0.1,0.0,0.0,0.33,0.0,0.0,0.06,0.21,0.05,0.0,0.0,0.0
1074,561,538,G,0.0,0.05,0.99,0.0,0.0,0.0,0.0,0.0,1.0,0.0,0.0,0.0,0.0,0.0,0.0,0.0,0.0,0.0,0.0,0.0,0.0,0.0,0.0
1076,562,539,N,2.9219055237657647,0.17849999999999996,0.99,0.04,0.0,0.16,0.27,0.0,0.1,0.01,0.01,0.42,0.01,0.0,0.45,0.01,0.26,0.06,1.0,0.76,0.01,0.0,0.0
1078,563,540,L,4.017893123659936,0.42650000000000005,0.99,0.67,0.06,0.54,1.0,0.16,0.33,0.21,0.2,0.98,0.52,0.12,0.41,0.45,0.57,0.74,0.56,0.47,0.29,0.05,0.2
1080,564,541,A,2.636358630959446,0.124,0.99,1.0,0.01,0.01,0.04,0.01,0.04,0.02,0.01,0.41,0.03,0.01,0.03,0.03,0.06,0.57,0.08,0.09,0.02,0.0,0.01
1082,565,542,T,3.599593714781122,0.22800000000000004,0.99,0.38,0.02,0.24,0.39,0.01,0.11,0.03,0.1,0.35,0.09,0.03,0.14,0.59,0.18,0.19,0.38,1.0,0.32,0.0,0.01
1084,566,543,R,0.08013604733127526,0.0505,1.0,0.0,0.0,0.0,0.0,0.0,0.0,0.0,0.0,0.0,0.0,0.0,0.0,0.0,0.01,1.0,0.0,0.0,0.0,0.0,0.0
1086,567,544,P,0.0,0.05,1.0,0.0,0.0,0.0,0.0,0.0,0.0,0.0,0.0,0.0,0.0,0.0,0.0,1.0,0.0,0.0,0.0,0.0,0.0,0.0,0.0
1088,568,545,K,3.8731294888789964,0.4069999999999999,1.0,0.79,0.05,0.61,1.0,0.05,0.35,0.12,0.17,1.0,0.28,0.1,0.47,0.26,0.57,0.53,0.7,0.6,0.43,0.02,0.04
1090,569,546,I,1.035276494813131,0.06100000000000001,1.0,0.0,0.0,0.0,0.0,0.02,0.0,0.0,1.0,0.01,0.13,0.0,0.0,0.0,0.01,0.0,0.01,0.03,0.01,0.0,0.0
1092,570,547,T,3.661232756171222,0.20950000000000002,1.0,0.26,0.01,0.19,0.27,0.01,0.12,0.03,0.17,0.37,0.29,0.02,0.19,0.17,0.25,0.2,0.44,1.0,0.17,0.0,0.03
1094,571,548,R,2.7822043066842377,0.11100000000000002,0.95,0.16,0.0,0.06,0.08,0.01,0.27,0.0,0.03,0.11,0.01,0.0,0.11,0.01,0.03,0.13,1.0,0.19,0.02,0.0,0.0
1096,572,549,T,3.764465124917811,0.267,0.99,0.73,0.02,0.22,0.38,0.02,0.49,0.05,0.25,0.35,0.15,0.22,0.2,0.1,0.23,0.2,0.33,0.37,1.0,0.01,0.02
1098,573,550,S,3.7594472804291277,0.25199999999999995,0.95,0.5,0.03,0.28,0.41,0.03,0.14,0.05,0.16,0.37,0.27,0.06,0.19,0.16,0.22,0.2,1.0,0.43,0.51,0.01,0.02
1100,574,551,T,3.208221301338138,0.13600000000000004,0.96,0.31,0.0,0.12,0.09,0.01,0.15,0.01,0.01,0.16,0.06,0.01,0.08,1.0,0.14,0.08,0.13,0.18,0.18,0.0,0.0
1102,575,552,Q,3.669082242859426,0.34249999999999997,1.0,0.82,0.02,0.46,0.79,0.08,0.2,0.05,0.05,0.64,0.1,0.03,0.44,0.32,0.45,0.25,1.0,0.9,0.19,0.0,0.06
1104,576,553,S,3.7342183530541426,0.31399999999999995,0.9,0.41,0.03,0.35,0.6,0.02,0.21,0.14,0.1,0.71,0.15,0.05,0.41,0.15,0.34,0.7,0.69,1.0,0.18,0.01,0.03
1106,577,554,V,2.7622118483766642,0.1545,0.93,0.69,0.03,0.01,0.02,0.07,0.0,0.01,0.53,0.03,0.38,0.06,0.01,0.03,0.02,0.02,0.03,0.14,1.0,0.0,0.01
1108,578,555,K,3.66572318508522,0.211,0.93,0.65,0.02,0.17,0.29,0.04,0.12,0.09,0.09,1.0,0.15,0.04,0.16,0.09,0.24,0.31,0.3,0.26,0.14,0.01,0.05
1110,579,556,V,4.095246586367098,0.38849999999999996,0.93,0.52,0.14,0.16,0.22,0.62,0.27,0.48,0.37,0.23,0.59,0.17,0.34,0.48,0.23,0.34,0.32,0.3,1.0,0.14,0.85
1112,580,557,G,0.3121164587423185,0.052000000000000005,1.0,0.01,0.0,0.01,0.01,0.0,1.0,0.0,0.0,0.0,0.0,0.0,0.0,0.0,0.0,0.0,0.01,0.0,0.0,0.0,0.0
1114,581,558,G,3.295627721516309,0.20299999999999993,1.0,0.63,0.0,0.3,0.29,0.0,1.0,0.03,0.02,0.26,0.03,0.01,0.12,0.02,0.33,0.18,0.48,0.3,0.06,0.0,0.0
1116,582,559,R,3.431024616381568,0.205,1.0,0.23,0.01,0.11,0.19,0.01,0.07,0.02,0.09,0.62,0.06,0.02,0.12,0.07,0.24,0.36,0.64,1.0,0.17,0.06,0.01
1118,583,560,I,1.8517834627629683,0.1085,1.0,0.0,0.0,0.0,0.0,0.04,0.09,0.0,0.64,0.0,1.0,0.03,0.0,0.0,0.0,0.0,0.0,0.0,0.37,0.0,0.0
1120,584,561,T,3.0792053812170006,0.11699999999999999,1.0,0.18,0.0,0.06,0.14,0.02,0.03,0.01,0.03,0.12,0.04,0.01,0.06,0.09,0.11,0.2,0.18,1.0,0.03,0.01,0.02
1122,585,562,I,1.8366767944634332,0.11750000000000001,1.0,0.0,0.0,0.0,0.0,0.58,0.0,0.0,0.62,0.0,0.11,0.04,0.0,0.0,0.0,0.0,0.0,0.0,1.0,0.0,0.0
1124,586,563,S,3.6163525835827457,0.20249999999999999,1.0,0.27,0.01,0.15,0.29,0.06,0.16,0.08,0.08,0.35,0.08,0.02,0.13,0.16,0.32,0.15,0.51,1.0,0.22,0.0,0.01
1126,587,564,T,1.5006398269738432,0.075,1.0,0.31,0.0,0.0,0.0,0.0,0.0,0.0,0.07,0.0,0.01,0.0,0.0,0.0,0.02,0.0,0.04,1.0,0.05,0.0,0.0
1128,588,565,D,2.640097038075487,0.10999999999999999,1.0,0.13,0.0,1.0,0.07,0.0,0.21,0.0,0.0,0.03,0.01,0.0,0.25,0.1,0.04,0.01,0.25,0.09,0.01,0.0,0.0
1130,589,566,S,3.4157415144342753,0.17450000000000004,1.0,0.28,0.01,0.14,0.19,0.01,0.56,0.02,0.08,0.25,0.07,0.04,0.09,0.05,0.11,0.2,1.0,0.24,0.14,0.0,0.01
1132,590,567,S,3.8000569617730204,0.32149999999999995,1.0,1.0,0.03,0.64,0.65,0.04,0.25,0.1,0.11,0.6,0.18,0.07,0.3,0.5,0.34,0.34,0.63,0.41,0.21,0.01,0.02
1134,591,568,I,1.5917742461517728,0.1015,0.97,0.02,0.0,0.0,0.0,0.0,0.0,0.0,0.81,0.02,0.12,0.01,0.04,0.0,0.0,0.0,0.0,0.01,1.0,0.0,0.0
1136,592,569,S,3.956045792599962,0.36500000000000005,1.0,0.79,0.05,0.45,0.61,0.13,0.27,0.16,0.18,1.0,0.29,0.09,0.35,0.17,0.38,0.41,0.7,0.69,0.36,0.04,0.18
1138,593,570,K,2.93983922157589,0.1305,1.0,0.16,0.0,0.02,0.09,0.0,0.17,0.0,0.01,0.3,0.01,0.03,0.16,0.01,0.31,0.08,1.0,0.23,0.01,0.0,0.02
1140,594,571,A,3.851561015758612,0.28500000000000003,1.0,1.0,0.09,0.08,0.11,0.59,0.3,0.17,0.36,0.12,0.93,0.23,0.11,0.16,0.12,0.13,0.29,0.18,0.38,0.07,0.28
1142,595,572,S,1.6447523469441903,0.0805,1.0,0.34,0.02,0.0,0.0,0.0,0.02,0.0,0.0,0.0,0.0,0.0,0.0,0.01,0.0,0.06,1.0,0.01,0.15,0.0,0.0
1144,596,573,L,0.6954353519488052,0.05700000000000001,1.0,0.0,0.0,0.0,0.0,0.03,0.0,0.0,0.09,0.0,1.0,0.02,0.0,0.0,0.0,0.0,0.0,0.0,0.0,0.0,0.0
1146,597,574,I,1.6326277923715693,0.11600000000000002,1.0,0.0,0.01,0.0,0.0,0.0,0.0,0.0,0.92,0.0,0.02,0.34,0.0,0.0,0.0,0.0,0.0,0.03,1.0,0.0,0.0
1148,598,575,R,0.35060668614896084,0.053000000000000005,1.0,0.0,0.0,0.05,0.0,0.0,0.0,0.0,0.0,0.01,0.0,0.0,0.0,0.0,0.0,1.0,0.0,0.0,0.0,0.0,0.0
1150,599,576,Y,3.724669787716586,0.215,1.0,0.38,0.04,0.05,0.07,0.33,0.08,0.15,0.19,0.07,0.64,0.23,0.08,0.14,0.14,0.09,0.12,0.15,0.3,0.05,1.0
1152,600,577,G,1.127452421035106,0.067,1.0,0.09,0.03,0.0,0.0,0.0,1.0,0.0,0.0,0.0,0.0,0.0,0.0,0.0,0.0,0.0,0.22,0.0,0.0,0.0,0.0
1154,601,578,T,1.8974024482623095,0.1325,1.0,0.5,0.0,0.0,0.0,0.11,0.05,0.0,0.0,0.0,0.0,0.0,0.0,0.01,0.0,0.0,0.96,1.0,0.02,0.0,0.0
1156,602,579,A,1.999585534522789,0.1005,1.0,1.0,0.0,0.0,0.0,0.0,0.04,0.0,0.01,0.0,0.0,0.0,0.05,0.0,0.0,0.0,0.31,0.39,0.21,0.0,0.0
1158,603,580,T,0.46613328272413546,0.05550000000000001,1.0,0.0,0.0,0.0,0.0,0.0,0.0,0.0,0.0,0.0,0.0,0.0,0.0,0.0,0.0,0.0,0.11,1.0,0.0,0.0,0.0
1160,604,581,H,0.0,0.05,1.0,0.0,0.0,0.0,0.0,0.0,0.0,1.0,0.0,0.0,0.0,0.0,0.0,0.0,0.0,0.0,0.0,0.0,0.0,0.0,0.0
1162,605,582,T,1.5344037288393984,0.079,1.0,0.09,0.0,0.0,0.0,0.0,0.02,0.0,0.0,0.0,0.0,0.0,0.02,0.0,0.0,0.0,0.36,1.0,0.09,0.0,0.0
1164,606,583,V,1.4321752968850614,0.06999999999999999,1.0,0.0,0.0,0.0,0.0,0.06,0.01,0.0,0.07,0.0,0.05,0.01,0.0,0.0,0.0,0.0,0.0,0.2,1.0,0.0,0.0
1166,607,584,N,1.1038385113677416,0.0715,1.0,0.0,0.0,0.36,0.0,0.0,0.0,0.06,0.0,0.01,0.0,0.0,1.0,0.0,0.0,0.0,0.0,0.0,0.0,0.0,0.0
1168,608,585,T,1.2926256657115949,0.072,1.0,0.0,0.0,0.0,0.0,0.0,0.0,0.0,0.0,0.0,0.0,0.0,0.27,0.0,0.0,0.0,0.11,1.0,0.06,0.0,0.0
1170,609,586,D,0.45164540073686915,0.054000000000000006,1.0,0.0,0.0,1.0,0.03,0.0,0.0,0.0,0.0,0.0,0.0,0.0,0.0,0.0,0.0,0.0,0.05,0.0,0.0,0.0,0.0
1172,610,587,Q,0.2761954276479391,0.052500000000000005,1.0,0.05,0.0,0.0,0.0,0.0,0.0,0.0,0.0,0.0,0.0,0.0,0.0,0.0,1.0,0.0,0.0,0.0,0.0,0.0,0.0
1174,611,588,R,0.0,0.05,1.0,0.0,0.0,0.0,0.0,0.0,0.0,0.0,0.0,0.0,0.0,0.0,0.0,0.0,0.0,1.0,0.0,0.0,0.0,0.0,0.0
1176,612,589,R,0.5277652227810287,0.05500000000000001,1.0,0.0,0.0,0.0,0.0,0.0,0.0,0.0,0.0,0.0,0.06,0.0,0.0,0.0,0.0,1.0,0.04,0.0,0.0,0.0,0.0
1178,613,590,I,1.1741247040676472,0.085,1.0,0.0,0.0,0.0,0.0,0.0,0.01,0.0,1.0,0.0,0.05,0.0,0.0,0.0,0.0,0.0,0.0,0.0,0.64,0.0,0.0
1180,614,591,P,1.6536689878612443,0.07200000000000001,1.0,0.12,0.0,0.0,0.07,0.06,0.02,0.0,0.0,0.0,0.0,0.0,0.0,1.0,0.0,0.02,0.12,0.0,0.03,0.0,0.0
1182,615,592,L,0.8081470104632889,0.05850000000000001,1.0,0.0,0.0,0.0,0.0,0.0,0.0,0.0,0.03,0.0,1.0,0.05,0.0,0.0,0.0,0.0,0.0,0.0,0.09,0.0,0.0
1184,616,593,T,3.7354897007303864,0.3145,1.0,0.52,0.03,0.7,0.77,0.02,0.19,0.08,0.09,0.55,0.15,0.05,0.27,0.26,0.36,0.37,0.56,1.0,0.29,0.01,0.02
1186,617,594,L,3.905779820634177,0.24850000000000003,1.0,0.25,0.07,0.08,0.1,0.5,0.15,0.21,0.23,0.11,1.0,0.13,0.12,0.29,0.11,0.13,0.45,0.22,0.29,0.07,0.46
1188,618,595,T,3.7351561388563073,0.2355,1.0,0.36,0.02,0.16,0.28,0.04,0.11,0.05,0.13,0.51,0.09,0.03,0.31,0.06,0.25,0.41,0.49,1.0,0.24,0.06,0.11
1190,619,596,N,3.8649580483471855,0.4109999999999999,1.0,1.0,0.09,0.54,0.82,0.06,0.49,0.1,0.14,0.85,0.24,0.08,0.53,0.47,0.52,0.67,0.84,0.5,0.24,0.01,0.03
1192,620,597,N,3.697666438981456,0.26799999999999996,0.99,1.0,0.02,0.32,0.3,0.02,0.2,0.08,0.08,0.31,0.24,0.04,0.27,0.1,0.23,0.25,0.66,0.81,0.36,0.01,0.06
1194,621,598,G,2.5269655594681986,0.097,0.96,0.07,0.0,0.17,0.02,0.03,1.0,0.0,0.0,0.01,0.02,0.01,0.13,0.07,0.03,0.03,0.28,0.04,0.02,0.01,0.0
1196,622,599,G,3.842988939318235,0.3274999999999999,0.97,0.62,0.03,0.41,0.52,0.1,1.0,0.08,0.09,0.64,0.15,0.05,0.37,0.26,0.34,0.55,0.36,0.68,0.18,0.02,0.1
1198,623,600,N,3.680150704718143,0.181,1.0,0.17,0.02,0.19,0.13,0.13,0.34,0.12,0.06,0.25,0.17,0.03,1.0,0.04,0.09,0.15,0.13,0.37,0.08,0.02,0.13
1200,624,601,S,3.089537601614445,0.17049999999999998,1.0,0.22,0.0,0.04,0.09,0.01,0.07,0.02,0.04,0.48,0.04,0.02,0.07,0.02,0.09,0.22,1.0,0.78,0.15,0.0,0.05
1202,625,602,Y,1.5763196089271974,0.06899999999999999,1.0,0.02,0.04,0.0,0.0,0.09,0.0,0.03,0.0,0.0,0.12,0.0,0.0,0.0,0.0,0.0,0.01,0.0,0.03,0.04,1.0
1204,626,603,S,3.286483993000866,0.159,1.0,0.19,0.01,0.13,0.26,0.03,0.05,0.11,0.02,0.18,0.08,0.02,0.09,0.03,0.14,0.13,0.62,1.0,0.07,0.0,0.02
1206,627,604,F,2.775943100488914,0.18999999999999997,1.0,0.81,0.02,0.01,0.02,0.75,0.0,0.0,0.21,0.02,0.56,0.06,0.01,0.02,0.01,0.01,0.05,0.23,1.0,0.0,0.01
1208,628,605,Q,3.5568412263884968,0.23700000000000004,1.0,0.32,0.01,0.34,0.3,0.01,0.08,0.04,0.11,0.52,0.06,0.02,0.28,0.08,0.59,0.23,0.53,1.0,0.19,0.0,0.03
1210,629,606,V,2.023857281033507,0.129,1.0,0.14,0.0,0.0,0.0,0.01,0.0,0.0,1.0,0.0,0.68,0.07,0.0,0.02,0.0,0.0,0.0,0.01,0.65,0.0,0.0
1212,630,607,P,0.15884084219235375,0.051000000000000004,1.0,0.0,0.0,0.0,0.0,0.0,0.0,0.01,0.0,0.0,0.0,0.0,0.0,1.0,0.0,0.0,0.0,0.0,0.0,0.0,0.01
1214,631,608,S,3.1484553271877256,0.17549999999999996,0.99,0.64,0.0,0.31,0.12,0.0,0.17,0.01,0.03,0.14,0.03,0.01,0.45,0.21,0.07,0.05,1.0,0.24,0.03,0.0,0.0
1216,632,609,D,1.0789980485732455,0.06200000000000001,1.0,0.01,0.0,1.0,0.09,0.0,0.05,0.0,0.0,0.0,0.0,0.0,0.08,0.0,0.0,0.0,0.01,0.0,0.0,0.0,0.0
1218,633,610,S,2.735795438925626,0.125,1.0,0.32,0.0,0.01,0.02,0.0,0.13,0.0,0.0,0.18,0.02,0.0,0.07,1.0,0.01,0.11,0.43,0.14,0.01,0.0,0.05
1220,634,611,G,0.5962232800369568,0.05600000000000001,1.0,0.0,0.0,0.0,0.0,0.0,1.0,0.0,0.0,0.0,0.0,0.0,0.07,0.0,0.0,0.05,0.0,0.0,0.0,0.0,0.0
1222,635,612,V,1.406649099496574,0.101,1.0,0.02,0.0,0.0,0.0,0.0,0.0,0.0,0.88,0.02,0.08,0.0,0.0,0.0,0.02,0.0,0.0,0.0,1.0,0.0,0.0
1224,636,613,A,3.0320435086082598,0.20249999999999999,1.0,0.94,0.08,0.02,0.05,0.13,0.0,0.01,0.44,0.05,0.76,0.12,0.02,0.07,0.04,0.03,0.05,0.22,1.0,0.01,0.01
1226,637,614,L,1.9585939004612,0.08450000000000002,1.0,0.04,0.0,0.0,0.0,0.0,0.0,0.0,0.25,0.0,1.0,0.01,0.0,0.13,0.09,0.0,0.0,0.05,0.12,0.0,0.0
1228,638,615,P,0.3657919736436477,0.053000000000000005,1.0,0.0,0.0,0.0,0.0,0.0,0.0,0.0,0.0,0.0,0.0,0.0,0.02,1.0,0.0,0.0,0.04,0.0,0.0,0.0,0.0
1230,639,616,G,0.0,0.05,1.0,0.0,0.0,0.0,0.0,0.0,1.0,0.0,0.0,0.0,0.0,0.0,0.0,0.0,0.0,0.0,0.0,0.0,0.0,0.0,0.0
1232,640,617,Y,2.899887170258279,0.10250000000000001,1.0,0.03,0.01,0.03,0.02,0.11,0.02,0.05,0.02,0.02,0.04,0.01,0.05,0.16,0.02,0.03,0.07,0.17,0.03,0.16,1.0
1234,641,618,W,1.342372192423265,0.1055,1.0,0.09,0.0,0.0,0.0,0.03,0.0,0.0,0.0,0.0,0.01,0.0,0.0,0.0,0.0,0.0,0.0,0.0,0.0,0.98,1.0
1236,642,619,M,1.15830833266923,0.0625,1.0,0.0,0.0,0.0,0.0,0.04,0.0,0.0,0.0,0.0,0.09,1.0,0.0,0.0,0.0,0.0,0.0,0.0,0.06,0.03,0.03
1238,643,620,L,0.8571435363679974,0.05850000000000001,1.0,0.0,0.0,0.0,0.0,0.02,0.0,0.0,0.0,0.0,1.0,0.06,0.0,0.0,0.0,0.0,0.0,0.0,0.07,0.0,0.02
1240,644,621,F,0.31057295597590867,0.052500000000000005,1.0,0.0,0.0,0.0,0.0,1.0,0.0,0.0,0.0,0.0,0.0,0.0,0.0,0.0,0.0,0.0,0.0,0.0,0.0,0.01,0.04
1242,645,622,V,1.3199535100731619,0.0935,0.99,0.77,0.0,0.0,0.0,0.0,0.0,0.0,0.06,0.0,0.01,0.0,0.0,0.0,0.0,0.0,0.02,0.01,1.0,0.0,0.0
1244,646,623,M,1.6958146100703022,0.10799999999999998,1.0,0.0,0.0,0.0,0.0,0.04,0.0,0.0,0.13,0.0,1.0,0.86,0.0,0.0,0.0,0.0,0.0,0.08,0.05,0.0,0.0
1246,647,624,N,1.6673697700131969,0.11199999999999999,0.99,0.05,0.0,1.0,0.0,0.0,0.06,0.0,0.0,0.0,0.0,0.0,0.95,0.0,0.0,0.0,0.05,0.13,0.0,0.0,0.0
1248,648,625,S,3.6570190555366264,0.315,1.0,1.0,0.02,0.55,0.56,0.02,0.46,0.04,0.25,0.66,0.1,0.04,0.3,0.18,0.36,0.34,1.0,0.29,0.11,0.01,0.01
1250,649,626,A,3.877124570354057,0.4039999999999998,1.0,0.78,0.05,0.65,1.0,0.05,0.37,0.13,0.18,0.93,0.3,0.1,0.52,0.27,0.6,0.52,0.73,0.56,0.28,0.02,0.04
1252,650,627,G,0.4742659446679751,0.05450000000000001,1.0,0.0,0.0,0.07,0.0,0.0,1.0,0.0,0.0,0.0,0.0,0.0,0.02,0.0,0.0,0.0,0.0,0.0,0.0,0.0,0.0
1254,651,628,V,0.8280057527502079,0.065,1.0,0.01,0.0,0.0,0.0,0.0,0.0,0.0,0.0,0.0,0.0,0.0,0.0,0.0,0.0,0.0,0.0,0.29,1.0,0.0,0.0
1256,652,629,P,0.40506269245806953,0.053500000000000006,1.0,0.0,0.0,0.0,0.0,0.0,0.0,0.02,0.0,0.0,0.0,0.0,0.0,1.0,0.0,0.0,0.0,0.05,0.0,0.0,0.0
1258,653,630,S,0.18999075553626754,0.051500000000000004,1.0,0.0,0.03,0.0,0.0,0.0,0.0,0.0,0.0,0.0,0.0,0.0,0.0,0.0,0.0,0.0,1.0,0.0,0.0,0.0,0.0
1260,654,631,V,3.4203342410782063,0.15,1.0,0.07,0.02,0.03,0.19,0.07,0.04,0.13,0.44,0.28,0.13,0.07,0.06,0.12,0.04,0.05,0.06,0.09,1.0,0.02,0.09
1262,655,632,A,1.2749945887483394,0.0765,1.0,1.0,0.0,0.0,0.0,0.0,0.24,0.0,0.0,0.0,0.0,0.0,0.0,0.0,0.0,0.0,0.29,0.0,0.0,0.0,0.0
1264,656,633,S,3.31215364297419,0.196,1.0,0.39,0.01,0.08,0.51,0.01,0.05,0.01,0.02,1.0,0.1,0.04,0.07,0.07,0.31,0.29,0.58,0.27,0.11,0.0,0.0
1266,657,634,T,3.8611178780228017,0.205,1.0,0.2,0.05,0.05,0.09,0.34,0.09,0.15,0.32,0.08,0.2,0.2,0.23,0.05,0.1,0.18,0.17,1.0,0.21,0.13,0.26
1268,658,635,I,1.682802514780269,0.10600000000000001,1.0,0.0,0.0,0.0,0.0,0.04,0.0,0.0,1.0,0.0,0.22,0.09,0.0,0.0,0.0,0.0,0.0,0.0,0.77,0.0,0.0
1270,659,636,R,3.7103912273715247,0.2145,1.0,0.1,0.03,0.06,0.06,0.18,0.06,0.17,0.07,1.0,0.3,0.32,0.26,0.04,0.32,0.53,0.1,0.37,0.09,0.03,0.2
1272,660,637,V,1.7403475363308407,0.092,1.0,0.0,0.0,0.0,0.0,0.08,0.0,0.0,0.52,0.0,0.14,0.08,0.0,0.0,0.0,0.0,0.0,0.02,1.0,0.0,0.0
1274,661,638,T,3.864304392837633,0.41600000000000004,1.0,0.7,0.05,0.54,1.0,0.04,0.59,0.12,0.18,0.84,0.4,0.09,0.46,0.29,0.53,0.45,0.81,0.92,0.26,0.02,0.03
1276,662,639,Q,3.9091455485498563,0.47649999999999987,0.79,0.87,0.05,0.62,1.0,0.05,0.49,0.12,0.23,0.93,0.81,0.11,0.51,0.34,0.69,0.52,0.92,0.62,0.59,0.02,0.04
