,Position,AA,RealPos,PositionMSA,shanID,shanMS
0,24,A,1,1,2.0055587520981737,1.0510085950005015
1,25,S,2,2,2.487283681634744,0.9670057810892136
2,26,A,3,3,1.835385307910176,0.6234132284784115
3,27,P,4,4,4.0669940237846935,2.340803475810836
4,28,I,5,5,1.1052655459153806,0.8835499604450854
5,29,G,6,6,2.118975881091704,1.047690122464378
6,30,S,7,7,1.083808368301049,0.6379044440426451
7,31,A,8,8,1.2017246085329907,0.37175050946018073
8,32,I,9,9,3.185627789099346,2.530077930189136
9,33,P,10,10,2.0681409550319683,0.7821293431310736
10,34,R,11,11,3.4088291711734464,1.8878335371112374
11,35,N,12,12,1.3925106397431688,0.7799815670745174
12,36,N,13,13,2.0255361416425095,0.6666957364622867
13,37,W,14,14,3.7240921514945575,2.401119137207373
14,38,A,15,15,1.8846847546606447,1.029332373549091
15,39,V,16,16,2.6797047754814605,2.326756773561307
16,40,T,17,17,2.4079926275751866,1.38261954094808
17,41,C,18,18,3.1875548633396362,2.4052216723942905
18,42,D,19,19,2.967624071707734,1.5238105295362518
19,43,S,20,20,3.000263081031349,1.6178692342981753
20,44,A,21,21,1.4917219706767963,0.643355043790143
21,45,Q,22,22,1.698393251738667,0.48277864317187236
22,46,S,23,23,1.600923468047021,0.5048974693187205
23,47,G,24,24,2.5542348365790795,1.1094474928689673
24,48,N,25,25,1.8161246570933538,0.6380554443920368
25,49,E,26,26,1.9231920090510273,0.8152399509180039
26,50,C,27,27,3.1422903361429606,2.179789500247835
27,51,N,28,28,1.287558038320089,0.39013609345223976
28,52,K,29,29,2.0587751843890922,0.9391582845909521
29,53,A,30,30,3.0738849654947797,2.4732978351861927
30,54,I,31,31,2.8881197516222614,2.264997094990936
31,55,D,32,32,4.141441597392347,2.40447600322614
32,56,G,33,33,3.4749031610805265,1.8567379264900592
33,57,N,34,34,1.9905491875067325,1.005234783860326
34,58,K,35,35,1.1353344986367526,0.48642841370790624
35,59,D,36,36,1.4997457825226936,0.7447907955017299
36,60,T,37,37,3.561045507787458,2.281487909295502
37,61,F,38,38,1.7006438206634318,1.2803504615398489
38,62,W,39,39,4.164612840893728,2.4568020974806655
39,63,H,40,40,2.7401914875125835,1.2310446944844349
40,64,T,41,41,3.173747196962887,2.4650742904036154
41,65,F,42,42,1.0165249945669763,0.21515620778201994
42,66,Y,43,43,1.9430435303270719,1.324979102522065
43,67,G,44,44,1.2917327389567959,0.5239413540993847
44,68,A,45,45,3.871231240905801,2.1547195353828252
45,69,N,46,46,1.7515217508641139,0.9402846234836144
46,70,G,47,47,2.0669787569060794,1.160103130477011
47,71,D,48,48,1.734765269161505,0.8236166669406904
48,72,P,49,49,1.8356700863400355,0.6515747512819199
49,73,K,50,50,1.860027960962645,0.7218122716305864
50,74,P,51,51,1.9000866038317765,0.701323604259477
51,75,P,52,52,3.019715064218487,1.7731883700650557
52,76,H,53,53,3.3728728061906335,1.7901168922298765
53,77,T,54,54,1.810277004038232,1.3854976387135183
54,78,Y,55,55,3.020344049902718,2.048619850040508
55,79,T,56,56,2.8536601018118115,1.6652202614850955
56,80,I,57,57,2.893110340446982,2.5026213326200426
57,81,D,58,58,3.9693356740743817,2.247884266693167
58,82,M,59,59,2.9688369671915744,2.1317573986288165
59,83,K,60,60,2.107448270177755,0.7974737849894216
60,84,T,61,61,1.3552560983969215,0.8814789924038815
61,85,T,62,62,1.4994381595954707,0.8190264814900534
62,86,Q,63,63,1.5250419560443147,0.7421691787848186
63,87,N,64,64,1.438199832947773,0.8655408854051072
64,88,V,65,65,3.5968275307409874,2.4924685238996083
65,89,N,66,66,2.5476149624115316,1.9079936685047691
66,90,G,67,67,3.2603913798065474,1.535789097431613
67,91,L,68,68,2.9281620785338665,2.439539285555438
68,92,S,69,69,2.164214285395107,1.424402137490231
69,93,V,70,70,2.0758318127909585,1.6986663008317162
70,94,L,71,71,2.18330144862857,1.003576743025536
71,95,P,72,72,4.0490673132868285,2.3484145460948924
72,96,R,73,73,3.302584347049725,1.612905480732306
73,97,Q,74,74,1.6901028326975318,0.8695546984262958
74,98,D,75,75,2.9988995066140363,1.5776684091620943
75,99,G,76,76,2.2307417521077784,0.9703682587140903
76,100,N,77,77,2.2494291487035727,1.2813464644165538
77,101,Q,78,78,0.9479676907802799,0.4951710636782378
78,102,N,79,79,2.1903005386387955,0.761074221109431
79,103,G,80,80,3.618368938227493,1.9960805857602884
80,104,W,81,81,1.6125949671362392,0.73708092504381
81,105,I,82,82,3.400895124513872,2.4882991153841543
82,106,G,83,83,2.466168714383945,0.9785913277249447
83,107,R,84,84,1.6369840079044078,0.44277717394095406
84,108,H,85,85,3.4457260082881547,2.5467288985027
85,109,E,86,86,1.3970179075519478,0.9694856933188354
86,110,V,87,87,3.198476373913907,2.5551338079495958
87,111,Y,88,88,1.3387373644079759,0.8787307747339155
88,112,L,89,89,2.480816036993514,1.8117503740192598
89,113,S,90,90,4.214548069218055,2.4775824750518485
90,114,S,91,91,1.277605510380238,0.7869289923229252
91,115,D,92,92,3.8733691876460683,2.165366093971485
92,116,G,93,93,2.904882766569739,1.305171501970551
93,117,T,94,94,1.2196344826468368,0.6465782083781024
94,118,N,95,95,2.1870685979317397,1.5918638510818095
95,119,W,96,96,3.4701737811808036,2.5026213326200426
96,120,G,97,97,3.1435273147997185,1.5106664865914787
97,121,S,98,98,1.2296527557916814,0.46612269821894525
98,122,P,99,99,2.0116570604025235,0.8769283899055218
99,123,V,100,100,3.8070285250795792,2.5026213326200426
100,124,A,101,101,3.897558927143835,2.3145822657633772
101,125,S,102,102,1.41901267934617,0.8489573028708499
102,126,G,103,103,4.15146602215345,2.4145004279872433
103,127,S,104,104,2.2093948952311306,1.596051564060001
104,128,W,105,105,3.5364714909467434,2.5026213326200426
105,129,F,106,106,1.0375179606177096,0.5839664595748149
106,130,A,107,107,1.4697835562520067,0.43426863541214766
107,131,D,108,108,2.9333526514612833,1.568846602501413
108,132,S,109,109,1.157688854270213,0.3465221837786232
109,133,T,110,110,2.073709223898102,1.1098721834111314
110,134,T,111,111,1.435824759119924,0.72387214735091
111,135,K,112,112,3.2770713317891786,2.011386527788654
112,136,Y,113,113,1.5484910014745439,0.6842194435480975
113,137,S,114,114,2.6744994613502264,1.581128241689126
114,138,N,115,115,1.6347339292124783,1.1511341449719672
115,139,F,116,116,4.109051718925305,2.4301180431504235
116,140,E,117,117,1.8502210954016758,1.1113113139328454
117,141,T,118,118,2.3250757539990694,0.9799912842351541
118,142,R,119,119,1.2439838678449968,0.6123060156665923
119,143,P,120,120,1.5173304484190142,0.5517021806176743
120,144,A,121,121,3.2021577237385705,1.9930043600310916
121,145,R,122,122,3.7341350862988607,2.0886543008568186
122,146,Y,123,123,3.50296742057115,2.4607671622662313
123,147,V,124,124,2.999699610355261,2.452007594402299
124,148,R,125,125,3.4111110128796542,2.3703928621045858
125,149,L,126,126,3.0801323696035414,2.182316702147423
126,150,V,127,127,2.383579179487329,1.2289530699447186
127,151,A,128,128,2.951136446770285,1.955934072225157
128,152,I,129,129,1.4839802202122612,0.9565622405160878
129,153,T,130,130,2.3283501607991677,1.5172169577317827
130,154,E,131,131,2.873556076074832,1.6274979857301326
131,155,A,132,132,2.6373054714143622,1.686533344371841
132,156,N,133,133,1.314942470281704,0.5968344663650391
133,157,G,134,134,1.6445524669120362,0.5011774309989736
134,158,Q,135,135,1.7300462203284983,0.8222123570528483
135,159,P,136,136,2.5824216070820043,1.4308348890765341
136,160,W,137,137,2.787274980197871,1.6130149547266937
137,161,T,138,138,2.5309562153299945,1.594707359879977
138,162,S,139,139,2.7226578248966056,1.3488234977492046
139,163,I,140,140,2.856136577717588,2.4859873844987437
140,164,A,141,141,2.7939546052919337,1.5011272279630656
141,165,E,142,142,3.1019919171441837,2.069663409781925
142,166,I,143,143,2.684765034130975,2.124640027054045
143,167,N,144,144,1.7165158511912249,0.851398617185267
144,168,V,145,145,2.552419620514644,2.4161936906417556
145,169,F,146,146,2.2293962855669696,1.4450308421518108
146,170,Q,147,147,1.2375286402720516,0.4536213370067892
147,171,A,148,148,2.055817308742475,0.7383677460448101
148,172,S,149,149,1.2213940782107908,0.722651674235304
149,173,S,150,150,1.6350174343561599,0.41298458297937746
150,174,Y,151,151,1.9055913559709552,0.8673617226268877
151,175,T,152,152,1.7893134332722145,1.0194400128570296
152,176,A,153,153,2.394438350265712,0.9990921742972316
153,177,P,154,154,1.5429869348465703,0.46723111951962304
154,178,Q,155,155,1.41322566151161,0.28819686181339765
155,179,P,156,156,2.0220636642877783,0.7989344642405949
156,180,G,157,157,1.5567541517890637,0.6315715794736634
157,181,L,158,158,1.2847639047127322,0.6353830645415597
158,182,G,159,159,4.288301894676781,2.5513363005105747
159,183,R,160,160,1.40503410575197,0.9182881737820163
160,184,W,161,161,4.260697574389629,2.5763751580787693
161,185,G,162,162,3.543825255720372,1.8754138022242255
162,186,P,163,163,2.843687045513212,1.3670860246109406
163,187,T,164,164,3.086899343815919,1.70464830814579
164,188,I,165,165,2.5578186814538464,2.005494742012378
165,189,D,166,166,2.60568980306632,1.0638740852000268
166,190,L,167,167,3.301294189153924,1.6948128891678969
167,191,P,168,168,4.260697574389629,2.523731980223422
168,192,I,169,169,2.501062930764482,2.1980392382183047
169,193,V,170,170,3.3054383772765545,2.344042525786286
170,194,P,171,171,4.038226063229228,2.301260469063021
171,195,A,172,172,3.468995336027744,2.487316403395318
172,196,A,173,173,3.4524560429970412,1.7655181216503704
173,197,A,174,174,2.360473444027064,1.028635045525437
174,198,A,175,175,2.966600839437065,1.7855932981514022
175,199,I,176,176,2.1940393168071686,1.8249169573742225
176,200,E,177,177,2.1298821503102925,1.2399772674535625
177,201,P,178,178,2.681698928681747,1.4262638461399353
178,202,T,179,179,2.234175587033831,1.1732247998235206
179,203,S,180,180,1.9790626265286009,1.3272438508384394
180,204,G,181,181,3.013420183627556,1.344272110784724
181,205,R,182,182,2.1944083770708747,1.224176428470136
182,206,V,183,183,2.8197572749229067,2.5470620087427953
183,207,L,184,184,2.586115909967017,2.324838088367346
184,208,M,185,185,1.6798203700489864,1.9045030717930773
185,209,W,186,186,4.142044779748436,2.5513363005105747
186,210,S,187,187,4.080170510566891,2.3432049164006843
187,211,S,188,188,3.267969912464829,1.5310043182986228
188,212,Y,189,189,2.86455444304364,2.2649497620209207
189,213,R,190,190,2.212932149311717,0.8261422040943345
190,214,N,191,191,0.9030207635934917,0.056385674161392174
191,215,D,192,192,3.4948257448339417,1.874001117113717
192,216,A,193,193,1.4791583036390707,0.8604675388375524
193,217,F,194,194,3.046393586614996,2.040424922111085
194,218,E,195,195,1.3791470876480822,0.49820046911430005
195,219,G,196,196,2.8064283604002753,1.306502780924858
196,220,S,197,197,2.4029829984028392,1.5611198433298887
197,221,P,198,198,2.749232499481076,1.4055490301735372
198,222,G,199,199,2.104524422290786,0.976903518496774
199,223,G,200,200,3.642770252723796,1.9477667622204566
200,224,I,201,201,1.2176511655100661,0.6570778842437572
201,225,T,202,202,3.91692332573657,2.1799577315703633
202,226,L,203,203,2.0206569873752174,1.1203565243124833
203,227,T,204,204,3.6470952321389225,2.040424922111085
204,228,S,205,205,2.651498854237852,1.4547557948717387
205,229,S,206,206,1.906587637300186,1.2204501938306318
206,230,W,207,207,2.667451664221958,1.7694489525828354
207,231,D,208,208,3.3762473581637216,1.7299285558910547
208,232,P,209,209,3.0238326198651437,1.545341324269339
209,233,S,210,210,1.2443186747080461,0.6884926222534415
210,234,T,211,211,3.021251448464321,1.8083483030054466
211,235,G,212,212,2.8909225891311934,1.3715402554540597
212,236,I,213,213,0.9869633878013411,0.6023461666739929
213,237,V,214,214,3.2301368150275813,2.4023586851401
214,238,S,215,215,2.354974329766129,1.6784332120244883
215,239,D,216,216,1.8989839586054087,0.9352451801860875
216,240,R,217,217,2.763939864714409,1.6035412011017798
217,241,T,218,218,1.2044547060174966,0.7256814571075558
218,242,V,219,219,3.5795562524250655,2.523731980223422
219,243,T,220,220,2.1202697371928347,1.283673605561612
220,244,V,221,221,2.26260334667834,1.1177819328732168
221,245,T,222,222,3.7201062552262476,2.382994170855728
222,246,K,223,223,1.3920459897185382,0.2733842399686779
223,247,H,224,224,4.284027602909002,2.5470620087427953
224,248,D,225,225,4.317627976621865,2.580662382455659
225,249,M,226,226,4.258988745340807,2.5513363005105747
226,250,F,227,227,4.317627976621865,2.580662382455659
227,251,C,228,228,4.313340752244976,2.5763751580787693
228,252,P,229,229,3.9495582782331704,2.2391106224763013
229,253,G,230,230,4.288301894676781,2.5513363005105747
230,254,I,231,231,3.190089226423983,1.9960315206709605
231,255,S,232,232,3.3159931111564833,1.8537828820437365
232,256,M,233,233,2.1981832635055967,2.026404270316458
233,257,D,234,234,3.2842086149375147,1.6132787755893698
234,258,G,235,235,1.9147712264583987,0.9291023374548966
235,259,N,236,236,2.080836138443528,1.3250593008446567
236,260,G,237,237,4.258988745340807,2.5279933004283324
237,261,Q,238,238,2.0128027079877504,0.9843235291938397
238,262,I,239,239,2.250651680504254,2.382238933479533
239,263,V,240,240,2.740025709863472,2.5069166674378054
240,264,V,241,241,4.073370815069042,2.5513363005105747
241,265,T,242,242,3.619519625785808,2.4343139129211595
242,266,G,243,243,4.317627976621865,2.580662382455659
243,267,G,244,244,4.317627976621865,2.580662382455659
244,268,N,245,245,2.8119315258726365,1.9716408373660212
245,269,D,246,246,2.723538766394626,1.5335742551014548
246,270,A,247,247,2.9821380733346823,1.406802944009944
247,271,K,248,248,1.3221448306809278,0.4047488220363147
248,272,K,249,249,2.447375466346747,1.6001282050349155
249,273,T,250,250,3.423729758416424,1.8145654111472262
250,274,S,251,251,3.602667285943212,2.4927229734014964
251,275,L,252,252,2.7121380401091155,2.283948352995847
252,276,Y,253,253,3.2672503845687446,2.187302542214956
253,277,D,254,254,3.0528649256214124,1.5683720580757072
254,278,S,255,255,2.515244397815881,1.1213413377527726
255,279,S,256,256,1.716719376508589,0.778602722734709
256,280,S,257,257,1.4939588343912837,1.150744358873657
257,281,D,258,258,2.1053029079336394,0.997279731410313
258,282,S,259,259,1.3055862501883881,0.7557446358016193
259,283,W,260,260,4.258988745340807,2.5513363005105747
260,284,I,261,261,1.6150257098313405,1.1671353368013935
261,285,P,262,262,1.7661458087055677,0.48535517076042467
262,286,G,263,263,2.7392339401352626,1.1688863239178833
263,287,P,264,264,2.2123544535804687,1.015209790392224
264,288,D,265,265,1.7572899276205436,0.9711348459345095
265,289,M,266,266,4.086891188242119,2.5279933004283324
266,290,Q,267,267,1.5064778595153596,1.0037818264168579
267,291,V,268,268,2.282396270393006,2.03085917127796
268,292,A,269,269,2.1513649114122795,0.711304797466858
269,293,R,270,270,4.317627976621865,2.580662382455659
270,294,G,271,271,4.171717002975292,2.4347514088090856
271,295,Y,272,272,4.317627976621865,2.580662382455659
272,296,Q,273,273,3.6897127936835235,1.952747199517317
273,297,S,274,274,3.0303613348732306,1.3196255576394311
274,298,S,275,275,2.758831453320318,1.8537828820437365
275,299,A,276,276,2.9131166702469047,1.5842922469026337
276,300,T,277,277,3.3241025120954877,1.7634652101255346
277,301,M,278,278,2.5466359796934928,1.9166576484313018
278,302,S,279,279,3.7469307992671865,2.0365911290966334
279,303,D,280,280,2.6880300280797638,1.505880593611378
280,304,G,281,281,4.292589119053671,2.5556235248874644
281,305,R,282,282,2.466168937373962,1.492417162447701
282,306,V,283,283,2.6324964745835153,2.481877809869611
283,307,F,284,284,4.263263037108587,2.5322675921961117
284,308,T,285,285,2.5590637930067244,1.5089830451593895
285,309,I,286,286,3.3463645233172206,2.584962500721156
286,310,G,287,287,4.292589119053671,2.5556235248874644
287,311,G,288,288,4.321928094887363,2.584962500721156
288,312,S,289,289,4.065825533901208,2.344042525786286
289,313,F,290,290,3.9185492714112446,2.5262974429423806
290,314,S,291,291,3.1742892396487994,1.951650783928798
291,315,G,292,292,4.065579641465811,2.340256239926142
292,316,G,293,293,2.2910496633901367,1.296886773586023
293,317,V,294,294,0.8249467189412236,0.3138957386047059
294,318,F,295,295,1.2213208214874238,0.3173068469899345
295,319,E,296,296,1.3675847110426904,0.5381525651471701
296,320,K,297,297,4.080170510566891,2.5513363005105747
297,321,N,298,298,2.3042541498113414,1.026937936907973
298,322,G,299,299,3.7657386271981657,2.044287219816951
299,323,E,300,300,4.317627976621865,2.580662382455659
300,324,V,301,301,3.1206309218848807,2.4525906428485067
301,325,Y,302,302,3.489585640759856,2.584962500721156
302,326,S,303,303,2.6798552853175726,1.3745452514543919
303,327,P,304,304,3.16015006012689,1.659811718979919
304,328,S,305,305,1.1473472100577404,0.3674492784973542
305,329,S,306,306,1.9615559627239323,1.0455726442244622
306,330,K,307,307,1.7374910182577081,0.8114003066948339
307,331,T,308,308,2.3254632853968262,1.414329831152033
308,332,W,309,309,4.195526386268445,2.584962500721156
309,333,T,310,310,2.559100863954985,1.2707580103208083
310,334,S,311,311,1.0260135677766113,0.5245749678312714
311,335,L,312,312,3.7303864211539084,2.1686198498315825
312,336,P,313,313,2.6931110785911545,1.3762932247843638
313,337,N,314,314,2.570596954948686,0.9931443322600022
314,338,A,315,315,2.5471586960143684,2.3969117435616925
315,339,K,316,316,1.4102804961134678,0.2803524648906186
316,340,V,317,317,2.9843518681563372,1.9736367994837363
317,341,N,318,318,0.9642181093422515,0.3829950617943938
318,342,P,319,319,1.9010663733222017,0.7684384835160989
319,343,M,320,320,2.680962296068529,2.1230843252792964
320,344,L,321,321,3.0234372741725433,2.0518990865280906
321,345,T,322,322,4.1620300999966755,2.5069166674378054
322,346,A,323,323,1.7985882364142585,0.6246492567223128
323,347,D,324,324,4.221204998840526,2.5135135215167814
324,348,K,325,325,1.246850835263987,0.5703174575874743
325,349,Q,326,326,1.7013952906447694,0.5266528998251783
326,350,G,327,327,4.019774111466642,2.306814021718246
327,351,L,328,328,1.5220814491567278,1.1408898936428202
328,352,Y,329,329,2.6900944973915015,2.2765928629015284
329,353,K,330,330,3.581655411318746,2.2200363661977796
330,354,S,331,331,2.5084821483261086,1.3058763695321467
331,355,D,332,332,4.2755179732511825,2.5385523790849756
332,356,N,333,333,4.059128472892361,2.5135135215167814
333,357,H,334,334,4.250479115682988,2.57210086631099
334,358,A,335,335,2.4419124326691635,1.358809400691106
335,359,W,336,336,4.09891216115612,2.413572071892448
336,360,L,337,337,3.904858273876636,2.4984330987106285
337,361,F,338,338,3.380928578347509,2.5678395461060797
338,362,G,339,339,3.25971645395984,1.5843725994408822
339,363,W,340,340,3.109662687830452,1.5474627838661357
340,364,K,341,341,2.805484478953871,1.5070680754036998
341,365,K,342,342,1.9336808142446107,0.8041868052153971
342,366,G,343,343,2.6673623467859775,1.1974928954955597
343,367,S,344,344,2.3859525362905996,1.5620555609908149
344,368,V,345,345,3.5990468635445403,2.5385523790849756
345,369,F,346,346,3.5243078467098203,1.8381305379488158
346,370,Q,347,347,3.641641406296661,1.9968490998938555
347,371,A,348,348,3.38863745698684,2.3761402610262223
348,372,G,349,349,4.279766282704092,2.5428006885378855
349,373,P,350,350,4.250479115682988,2.5135135215167814
350,374,S,351,351,4.151371795020935,2.4669186761842807
351,375,T,352,352,2.126216416828795,1.1784645570610586
352,376,A,353,353,2.0573264969326077,1.1000315485563847
353,377,M,354,354,4.040873575734451,2.5428006885378855
354,378,N,355,355,3.332494768456758,1.8444601723378802
355,379,W,356,356,4.191943971843024,2.4902095539280507
356,380,Y,357,357,2.9919118360734407,1.7474048866811058
357,381,Y,358,358,1.7626203677721,0.9408369691494742
358,382,T,359,359,3.1508915311864576,1.7363480979111547
359,383,S,360,360,1.1825267850395145,0.4326796779343933
360,384,G,361,361,3.2326430452806068,1.584948027079459
361,385,S,362,362,1.525208375422889,1.2897585958465974
362,386,G,363,363,4.258988745340807,2.5220231511746007
363,387,D,364,364,2.017069660425282,0.8917071388021087
364,388,V,365,365,2.0971716678734396,1.4184118033979427
365,389,K,366,366,2.0211955195840168,0.9780246458182535
366,390,S,367,367,1.539426615110413,0.6428039003551969
367,391,A,368,368,4.122797548392173,2.4796244143407646
368,392,G,369,369,4.151483042345715,2.4145174481795086
369,393,K,370,370,1.330701135208534,0.7273366959561991
370,394,R,371,371,4.292589119053671,2.5556235248874644
371,395,Q,372,372,1.2838448962945925,0.6638406722984831
372,396,S,373,373,1.9298592722318109,0.9853814056262404
373,397,N,374,374,3.0119357048208917,1.5575457127687895
374,398,R,375,375,3.410767890238427,1.703932865566127
375,399,G,376,376,3.483376652394842,1.7464110582286354
376,400,V,377,377,3.0488246601778775,1.6120537705686178
377,401,A,378,378,2.7072355397424275,1.0600548409632073
378,402,P,379,379,1.4832267163236459,0.5971650988440782
379,403,D,380,380,3.996808535419739,2.280636380667394
380,404,A,381,381,3.022558066732021,1.5519180526681715
381,405,M,382,382,4.0850771556544645,2.4065413446068034
382,406,C,383,383,2.34457930063697,1.5353872328584899
383,407,G,384,384,4.169969023150868,2.4330034289846614
384,408,N,385,385,3.255161489621622,1.9389010524559336
385,409,A,386,386,3.5957473300194622,2.3345178550030834
386,410,V,387,387,3.2682867851588595,2.4915647128482274
387,411,M,388,388,3.2646428555863194,2.086495501173948
388,412,Y,389,389,3.2304140219343402,2.5220231511746007
389,413,D,390,390,4.264958894594539,2.5279933004283324
390,414,A,391,391,3.1197180507595803,2.3884282172686646
391,415,V,392,392,2.593743725353798,1.490919509911842
392,416,K,393,393,2.318731689290354,1.0070127417966386
393,417,G,394,394,4.172875263528561,2.473394241142434
394,418,K,395,395,3.705814085452289,2.1907247383782655
395,419,I,396,396,3.490828908789818,2.5470620087427953
396,420,L,397,397,3.5718716093970464,2.4469894586980816
397,421,T,398,398,3.4973016416913416,2.091380451075994
398,422,F,399,399,1.672591708983043,1.3962332633533778
399,423,G,400,400,4.313340752244976,2.5763751580787693
400,424,G,401,401,4.317627976621865,2.580662382455659
401,425,S,402,402,2.5506131869138877,1.6229290979896018
402,426,P,403,403,2.786988400401105,1.2500178287291934
403,427,D,404,404,1.7522536000695168,0.7169323351671264
404,428,Y,405,405,4.258988745340807,2.5220231511746007
405,429,T,406,406,2.375944584812876,1.3747415079315322
406,430,D,407,407,1.9183570802142467,0.6421651249986222
407,431,S,408,408,2.7411200613549602,1.6387075377406175
408,432,D,409,409,1.3888683380908757,0.4158391167549711
409,433,A,410,410,3.4636583002789734,1.7707279227608212
410,434,T,411,411,3.2248828282250064,2.00261284433411
411,435,T,412,412,1.5939720773834956,0.8498009813438321
412,436,N,413,413,2.1924720820932833,0.6951686102886758
413,437,A,414,414,3.896051729598725,2.261268156705028
414,438,H,415,415,2.898284842609221,2.174533751484464
415,439,I,416,416,2.18616535984791,1.709397699470172
416,440,I,417,417,3.087076446269289,2.580662382455659
417,441,T,418,418,2.508446035910227,1.3332227398987129
418,442,L,419,419,2.914738443668211,2.5513363005105747
419,443,G,420,420,2.06018017198334,0.7559363507623424
420,444,E,421,421,1.9153608948434564,0.9498559775397908
421,445,P,422,422,3.285485290411615,1.742298095697026
422,446,G,423,423,2.6915442077791454,1.1376445703173297
423,447,T,424,424,1.2028917270262185,0.6735891668582052
424,448,S,425,425,0.90169514856859,0.6638227692684282
425,449,P,426,426,2.7372483718874676,1.5082836307984429
426,450,N,427,427,1.0406784994657028,0.7607192200972277
427,451,T,428,428,2.662541112935487,1.6586202183206082
428,452,V,429,429,1.3724149971930868,0.792591101210173
429,453,F,430,430,1.2292301721540593,0.44980170029706024
430,454,A,431,431,2.525529171646329,1.6720099812120506
431,455,S,432,432,2.4595571494650166,1.1299337573859858
432,456,N,433,433,1.8373776889843647,0.9773294709826854
433,457,G,434,434,3.025565959155805,1.4289453575437283
434,458,L,435,435,3.0418300878220776,2.4263464993621904
435,459,Y,436,436,0.7643480039171475,0.5427766493977733
436,460,F,437,437,1.837589382647471,1.5880083615972094
437,461,A,438,438,2.0442828235475057,0.6409270174417034
438,462,R,439,439,4.288301894676781,2.5513363005105747
439,463,T,440,440,2.0832767531170946,1.529891758399765
440,464,F,441,441,3.91692332573657,2.5513363005105747
441,465,H,442,442,2.5765729195073503,1.0307129887933817
442,466,T,443,443,2.8079152646031953,2.5220231511746007
443,467,S,444,444,3.416619427613459,1.913108016932975
444,468,V,445,445,3.8786341727862736,2.3580282065608142
445,469,V,446,446,3.375561662998975,2.5220231511746007
446,470,L,447,447,4.024920230437446,2.580662382455659
447,471,P,448,448,4.317627976621865,2.580662382455659
448,472,D,449,449,3.562354616074545,1.8253890219083384
449,473,G,450,450,4.258988745340807,2.5220231511746007
450,474,S,451,451,1.8874473216249146,1.3161419510731212
451,475,T,452,452,3.6892466153578405,2.1112534521138775
452,476,F,453,453,2.9571563946666393,1.6878660842481084
453,477,I,454,454,3.1120042850597844,2.3913196960372574
454,478,T,455,455,2.1424404318101353,1.087637120042901
455,479,G,456,456,4.258988745340807,2.5220231511746007
456,480,G,457,457,4.317627976621865,2.580662382455659
457,481,Q,458,458,3.8816204852520486,2.2293647550558355
458,482,R,459,459,1.2758934997357274,0.848336612612997
459,483,R,460,460,1.8939035666403692,1.379156148445128
460,484,G,461,461,2.278486897109868,1.3303155833915687
461,485,I,462,462,1.692852622094144,1.3734910367369195
462,486,I,463,463,3.449152878503437,1.9194832587509216
463,487,F,464,464,4.2063715498003305,2.5220231511746007
464,488,E,465,465,1.5163182002826026,0.9726316967042299
465,489,D,466,466,3.459741713511033,2.5279933004283324
466,490,S,467,467,1.5317469039846738,0.8099196565646889
467,491,T,468,468,2.3304995249698037,1.3729766374443162
468,492,P,469,469,2.073643219709471,1.00229165306678
469,493,V,470,470,2.2230108652507803,1.066718448242946
470,494,F,471,471,2.983257897954972,1.7417787953413681
471,495,T,472,472,2.228747413626893,1.183061366170829
472,496,P,473,473,3.741068913671766,2.017083962925252
473,497,E,474,474,4.258988745340807,2.5220231511746007
474,498,I,475,475,2.4499738089804595,2.287954636271239
475,499,Y,476,476,3.0152027322912396,2.580662382455659
476,500,V,477,477,1.8944781647936977,0.833747956091055
477,501,P,478,478,4.01582538785647,2.278859793690264
478,502,E,479,479,1.6771582208583116,0.7945985263689459
479,503,Q,480,480,1.830755883420104,1.0838473061159053
480,504,D,481,481,2.373023921289599,0.8390291798161513
481,505,T,482,482,1.5758868304488534,0.8591385160754124
482,506,F,483,483,3.7999126396544467,2.5262974429423806
483,507,Y,484,484,1.5237183113624213,0.5211923165276655
484,508,K,485,485,1.40426364382918,0.39797200935402266
485,509,Q,486,486,2.34371623302785,1.5134196766981167
486,510,N,487,487,1.7977615716357311,0.8653455718658494
487,511,P,488,488,1.9927702372926168,0.9724828557382237
488,512,N,489,489,2.7141963745850437,1.4783607158986467
489,513,S,490,490,2.1165277463339516,1.6052255718594073
490,514,I,491,491,2.9834995686108394,2.313615543035387
491,515,V,492,492,2.6888264471784753,1.410681500015443
492,516,R,493,493,4.321928094887363,2.584962500721156
493,517,A,494,494,2.70921447504693,1.5919736200105803
494,518,Y,495,495,4.321928094887363,2.584962500721156
495,519,H,496,496,4.321928094887363,2.584962500721156
496,520,S,497,497,3.909965974816317,2.5556235248874644
497,521,I,498,498,2.187183056713203,2.105509227088581
498,522,S,499,499,3.1292813072342827,1.5205483410861167
499,523,L,500,500,2.612389922182749,1.8286288547821503
500,524,L,501,501,4.321928094887363,2.584962500721156
501,525,L,502,502,3.82637618836152,2.5322675921961117
502,526,P,503,503,3.6408965062565097,2.005043205310218
503,527,D,504,504,4.19924313999333,2.473052592019472
504,528,G,505,505,3.371141470154731,1.6341758759885243
505,529,R,506,506,3.3445954654477243,1.6323141663915606
506,530,V,507,507,3.6171029931984267,2.5513363005105747
507,531,F,508,508,2.9724231483558894,1.6722314145099422
508,532,N,509,509,2.614339727046523,2.1799577315703633
509,533,G,510,510,3.618129812305728,1.8811642181395218
510,534,G,511,511,4.313340752244976,2.5763751580787693
511,535,G,512,512,4.034137028228561,2.3129934938394334
512,536,G,513,513,4.254727425135897,2.517761830969691
513,537,L,514,514,4.254727425135897,2.517761830969691
514,538,C,515,515,4.157341944274665,2.44961107744739
515,539,G,516,516,3.826496948734566,2.1413294928344397
516,540,D,517,517,1.9358177878432028,0.8653916308789231
517,541,C,518,518,4.183955052864288,2.5763751580787693
518,542,T,519,519,1.5183056905960655,0.6383303123949833
519,543,T,520,520,2.585675644774102,1.4657166700265252
520,544,N,521,521,4.258988745340807,2.5513363005105747
521,545,H,522,522,4.235658716821434,2.498693122655228
522,546,F,523,523,2.274071214271897,1.353651245751352
523,547,D,524,524,3.939499082581374,2.2025334884151673
524,548,A,525,525,3.0675720684226286,1.4721309682899375
525,549,Q,526,526,3.1044402352546965,1.5234672509801408
526,550,I,527,527,3.0002148536975044,2.4332880506130468
527,551,F,528,528,3.105572083855018,2.4023586851401
528,552,T,529,529,3.1468303995566034,1.9622530050321798
529,553,P,530,530,4.317627976621865,2.580662382455659
530,554,N,531,531,2.6844396055426305,1.3912769907967681
531,555,Y,532,532,3.8250970152945833,2.1767455060399135
532,556,L,533,533,4.171717002975292,2.487316403395318
533,557,Y,534,534,2.8695085316387066,1.601151084529199
534,558,D,535,535,2.388190753922326,1.3736585258271254
535,559,S,536,536,1.5042853433542303,0.44667612456599937
536,560,N,537,537,2.321131912087015,1.156754942764524
537,561,G,538,538,4.313340752244976,2.5763751580787693
538,562,N,539,539,1.5676022045402211,1.268709040011245
539,563,L,540,540,2.1780581846192204,0.7884669621805889
540,564,A,541,541,2.7239079430697037,1.4059138087409053
541,565,T,542,542,1.9385695034292838,0.812068594832174
542,566,R,543,543,4.248143581808922,2.511177987642715
543,567,P,544,544,4.321928094887363,2.584962500721156
544,568,K,545,545,1.7915009084410514,0.746110349615742
545,569,I,546,546,3.760623943851804,2.2461210504204003
546,570,T,547,547,1.78499435462762,1.177805046833474
547,571,R,548,548,1.8397238544494692,0.7524664155608174
548,572,T,549,549,1.8025101144279132,1.1601811645003997
549,573,S,550,550,1.9596558628990342,1.2339960629675146
550,574,T,551,551,1.5388338548934328,0.7544831978576401
551,575,Q,552,552,1.0261401975985134,0.523055721115071
552,576,S,553,553,1.7281510245419778,1.0194392058460096
553,577,V,554,554,2.3475463809845323,2.1710475756185446
554,578,K,555,555,1.7542646085790259,0.8617813049192169
555,579,V,556,556,2.060876496828032,1.18663494405214
556,580,G,557,557,4.030116412096884,2.302837720909294
557,581,G,558,558,1.5243366730308656,0.4693363414886904
558,582,R,559,559,1.574693430188896,1.128215871476903
559,583,I,560,560,2.652007464504171,2.4162785577570807
560,584,T,561,561,2.0917940378594517,1.1264745202220152
561,585,I,562,562,2.5945359180608563,1.877925001910557
562,586,S,563,563,1.3116459011129322,0.9853773536556516
563,587,T,564,564,3.276982500136778,1.8253890219083384
564,588,D,565,565,2.0618233750014174,1.0570950878141632
565,589,S,566,566,1.7198734262734723,0.7017318600022555
566,590,S,567,567,1.685591033032726,0.4610457715191294
567,591,I,568,568,3.081795969751443,2.4246348301054708
568,592,S,569,569,1.3041074123065997,0.6653613255462878
569,593,K,570,570,1.8034292737634328,1.294683307012811
570,594,A,571,571,3.2127267823270778,1.6260896036145378
571,595,S,572,572,3.154865136036161,1.710265313775658
572,596,L,573,573,3.915282559617791,2.487316403395318
573,597,I,574,574,2.7083676179213416,2.5069166674378054
574,598,R,575,575,4.235658716821434,2.5513363005105747
575,599,Y,576,576,1.7735085067827674,1.3216715160521921
576,600,G,577,577,3.261050384110548,1.6085674137908834
577,601,T,578,578,2.809180102562446,1.8089546392754823
578,602,A,579,579,2.7245138462770795,1.706085654999935
579,603,T,580,580,4.06736745598434,2.580662382455659
580,604,H,581,581,4.317627976621865,2.580662382455659
581,605,T,582,582,3.149011903099927,2.2622276094374105
582,606,V,583,583,3.3707245166437447,1.8575886529878902
583,607,N,584,584,3.4744602745840094,1.7374946804178026
584,608,T,585,585,3.1996594377654395,2.5513363005105747
585,609,D,586,586,4.214595094582908,2.5513363005105747
586,610,Q,587,587,4.288301894676781,2.5513363005105747
587,611,R,588,588,4.321928094887363,2.584962500721156
588,612,R,589,589,4.239920037026344,2.502954442860138
589,613,I,590,590,3.246482140466017,2.5556235248874644
590,614,P,591,591,3.3833302013046356,1.7095928965717317
591,615,L,592,592,3.97319489330304,2.584962500721156
592,616,T,593,593,1.390033795107747,0.6362597034349604
593,617,L,594,594,1.9410786739079784,1.1182685403051904
594,618,T,595,595,1.4031344390527174,0.9332303810703773
595,619,N,596,596,1.0026695234029734,0.384550347145316
596,620,N,597,597,1.421646454390216,0.9992519595816354
597,621,G,598,598,2.5454446545814453,1.3123443939525268
598,622,G,599,599,1.17406676206217,0.3020177644078976
599,623,N,600,600,2.069149148735522,1.0762159419976625
600,624,S,601,601,1.7349315686056022,1.1329301500470463
601,625,Y,602,602,3.3869463055545017,2.33298934899262
602,626,S,603,603,1.6973534859297095,1.1850278369084848
603,627,F,604,604,2.0335765847559126,1.3659635337780158
604,628,Q,605,605,1.1972653396917559,0.9890602758326952
605,629,V,606,606,2.507662586376909,2.4525906428485067
606,630,P,607,607,4.189556237014713,2.4622775458271233
607,631,S,608,608,1.7347884215161087,0.9894044106977427
608,632,D,609,609,3.9014067188854833,2.4097125512408915
609,633,S,610,610,2.1048293545527224,0.8962634586622427
610,634,G,611,611,4.218843404035818,2.481877809869611
611,635,V,612,612,3.1971978839771564,2.502954442860138
612,636,A,613,613,2.6232054923602117,2.5262974429423806
613,637,L,614,614,3.2631683722248663,2.3270712138684924
614,638,P,615,615,4.169969023150868,2.44377847517701
615,639,G,616,616,4.321928094887363,2.584962500721156
616,640,Y,617,617,2.5737951991462578,1.5284887056367118
617,641,W,618,618,3.3074064384103496,2.5513363005105747
618,642,M,619,619,3.708783942245941,2.4023586851401
619,643,L,620,620,4.089983010610841,2.4688173327452048
620,644,F,621,621,4.150692650513516,2.580662382455659
621,645,V,622,622,3.2066815541023264,2.523731980223422
622,646,M,623,623,2.9171995368745627,2.498693122655228
623,647,N,624,624,2.9822421166834303,1.3892865376567225
624,648,S,625,625,1.33082629311003,0.5118285688773683
625,649,A,626,626,1.5189005832815163,0.5329129577567011
626,650,G,627,627,4.17652189991391,2.439556305747703
627,651,V,628,628,3.6669994024101746,1.958629884048086
628,652,P,629,629,4.229688567567703,2.498693122655228
629,653,S,630,630,4.2438822616040115,2.5069166674378054
630,654,V,631,631,2.273427026047519,1.518685389843666
631,655,A,632,632,3.2263642239212977,1.4893986297550914
632,656,S,633,633,1.7845040670814964,0.9754490506630618
633,657,T,634,634,2.012029987543062,1.188948554486466
634,658,I,635,635,2.6956106880578603,2.5069166674378054
635,659,R,636,636,1.5357046275362567,0.924477325069661
636,660,V,637,637,2.8064543738302428,2.2391106224763013
637,661,T,638,638,1.8223236352901897,1.0356709696598354
638,662,Q,639,639,1.7621865387987437,1.1060693391169762
